key,group,framing,layers,px8_vs_chromium,px20_vs_chromium,structural_vs_chromium,max_vs_chromium,px20_vs_firefox,px20_chromium_vs_firefox
corpus__blend-probes__blend-in-clip,blend-probes,z1,2,0.244,0.201,0.0,139,0.207,0.059
corpus__blend-probes__blend-in-clip,blend-probes,z2,2,0.395,0.33,0.0,158,,
corpus__blend-probes__blend-in-clip,blend-probes,z4,2,0.0,0.0,0.0,0,,
corpus__blend-probes__blend-in-clip,blend-probes,hd,2,0.074,0.063,0.0,162,,
corpus__blend-probes__blend-in-filtered-group,blend-probes,z1,2,0.033,0.007,0.0,65,0.007,0.0
corpus__blend-probes__blend-in-filtered-group,blend-probes,z2,2,0.0,0.0,0.0,8,,
corpus__blend-probes__blend-in-filtered-group,blend-probes,z4,2,0.0,0.0,0.0,3,,
corpus__blend-probes__blend-in-filtered-group,blend-probes,hd,2,0.0,0.0,0.0,55,,
corpus__blend-probes__blend-in-mask,blend-probes,z1,2,0.167,0.108,0.0,65,0.035,0.117
corpus__blend-probes__blend-in-mask,blend-probes,z2,2,0.258,0.059,0.0,44,,
corpus__blend-probes__blend-in-mask,blend-probes,z4,2,0.452,0.263,0.0,71,,
corpus__blend-probes__blend-in-mask,blend-probes,hd,2,0.042,0.02,0.0,76,,
corpus__blend-probes__blend-in-opacity-and-clip,blend-probes,z1,2,0.007,0.007,0.0,65,0.007,0.0
corpus__blend-probes__blend-in-opacity-and-clip,blend-probes,z2,2,0.0,0.0,0.0,2,,
corpus__blend-probes__blend-in-opacity-and-clip,blend-probes,z4,2,0.0,0.0,0.0,1,,
corpus__blend-probes__blend-in-opacity-and-clip,blend-probes,hd,2,0.0,0.0,0.0,55,,
corpus__blend-probes__blend-nested,blend-probes,z1,2,0.007,0.007,0.0,65,0.007,0.0
corpus__blend-probes__blend-nested,blend-probes,z2,2,0.0,0.0,0.0,0,,
corpus__blend-probes__blend-nested,blend-probes,z4,2,0.0,0.0,0.0,0,,
corpus__blend-probes__blend-nested,blend-probes,hd,2,0.0,0.0,0.0,55,,
corpus__blend-probes__blend-with-clip-on-group,blend-probes,z1,1,0.12,0.099,0.0,136,0.957,0.879
corpus__blend-probes__blend-with-clip-on-group,blend-probes,z2,1,0.239,0.194,0.0,150,,
corpus__blend-probes__blend-with-clip-on-group,blend-probes,z4,1,0.0,0.0,0.0,0,,
corpus__blend-probes__blend-with-clip-on-group,blend-probes,hd,1,0.037,0.03,0.0,162,,
corpus__blend-probes__blend-with-filter,blend-probes,z1,1,0.007,0.007,0.0,65,0.007,0.0
corpus__blend-probes__blend-with-filter,blend-probes,z2,1,0.0,0.0,0.0,3,,
corpus__blend-probes__blend-with-filter,blend-probes,z4,1,0.0,0.0,0.0,1,,
corpus__blend-probes__blend-with-filter,blend-probes,hd,1,0.0,0.0,0.0,55,,
corpus__blend-probes__feblend-after-blur,blend-probes,z1,1,0.007,0.007,0.0,65,0.007,0.0
corpus__blend-probes__feblend-after-blur,blend-probes,z2,1,0.0,0.0,0.0,2,,
corpus__blend-probes__feblend-after-blur,blend-probes,z4,1,0.0,0.0,0.0,2,,
corpus__blend-probes__feblend-after-blur,blend-probes,hd,1,0.0,0.0,0.0,55,,
corpus__blend-probes__feblend-in-clipped-layer,blend-probes,z1,2,0.277,0.217,0.0,76,0.213,0.008
corpus__blend-probes__feblend-in-clipped-layer,blend-probes,z2,2,0.572,0.424,0.0,92,,
corpus__blend-probes__feblend-in-clipped-layer,blend-probes,z4,2,0.205,0.139,0.0,82,,
corpus__blend-probes__feblend-in-clipped-layer,blend-probes,hd,2,0.088,0.064,0.0,97,,
corpus__buseybench__claude-fable-5-1,buseybench,z1,178,0.902,0.123,0.0,63,0.09,0.019
corpus__buseybench__claude-fable-5-1,buseybench,z2,178,1.772,0.292,0.0,62,,
corpus__buseybench__claude-fable-5-1,buseybench,z4,178,1.71,0.136,0.0,58,,
corpus__buseybench__claude-fable-5-1,buseybench,hd,178,5.051,3.017,1.9436,130,,
corpus__buseybench__claude-opus-5,buseybench,z1,92,0.879,0.213,0.0,127,0.213,0.033
corpus__buseybench__claude-opus-5,buseybench,z2,92,1.689,0.289,0.0,111,,
corpus__buseybench__claude-opus-5,buseybench,z4,92,1.87,0.458,0.0,128,,
corpus__buseybench__claude-opus-5,buseybench,hd,92,10.086,8.903,8.4083,225,,
corpus__buseybench__fugu-ultra,buseybench,z1,125,2.268,0.648,0.0,91,0.293,0.463
corpus__buseybench__fugu-ultra,buseybench,z2,125,4.836,1.519,0.0,85,,
corpus__buseybench__fugu-ultra,buseybench,z4,125,4.834,1.145,0.0,123,,
corpus__buseybench__fugu-ultra,buseybench,hd,125,0.8,0.202,0.001,101,,
corpus__buseybench__gemini-3-1-pro-preview,buseybench,z1,98,4.378,1.885,0.0025,207,1.189,1.05
corpus__buseybench__gemini-3-1-pro-preview,buseybench,z2,98,7.663,3.359,0.0025,207,,
corpus__buseybench__gemini-3-1-pro-preview,buseybench,z4,98,5.733,2.169,0.0,146,,
corpus__buseybench__gemini-3-1-pro-preview,buseybench,hd,98,5.725,3.008,1.8731,196,,
corpus__buseybench__gemini-3-1-pro-preview-custom-tools,buseybench,z1,75,4.081,1.262,0.0,140,0.822,0.724
corpus__buseybench__gemini-3-1-pro-preview-custom-tools,buseybench,z2,75,4.464,1.275,0.0,116,,
corpus__buseybench__gemini-3-1-pro-preview-custom-tools,buseybench,z4,75,5.319,1.159,0.0,79,,
corpus__buseybench__gemini-3-1-pro-preview-custom-tools,buseybench,hd,75,2.74,0.991,0.3747,108,,
corpus__buseybench__gemini-3-7-flash,buseybench,z1,57,2.138,0.65,0.0,131,0.644,0.023
corpus__buseybench__gemini-3-7-flash,buseybench,z2,57,4.516,1.346,0.0,153,,
corpus__buseybench__gemini-3-7-flash,buseybench,z4,57,4.757,1.319,0.0,109,,
corpus__buseybench__gemini-3-7-flash,buseybench,hd,57,0.856,0.242,0.0,129,,
corpus__buseybench__gemini-3-8-flash,buseybench,z1,118,2.72,0.993,0.0033,157,0.452,0.631
corpus__buseybench__gemini-3-8-flash,buseybench,z2,118,5.827,1.825,0.0025,119,,
corpus__buseybench__gemini-3-8-flash,buseybench,z4,118,6.541,2.008,0.0,113,,
corpus__buseybench__gemini-3-8-flash,buseybench,hd,118,1.284,0.412,0.0,105,,
corpus__buseybench__glm-5-3,buseybench,z1,129,0.457,0.078,0.0,62,0.102,0.034
corpus__buseybench__glm-5-3,buseybench,z2,129,0.951,0.174,0.0,73,,
corpus__buseybench__glm-5-3,buseybench,z4,129,1.004,0.106,0.0,71,,
corpus__buseybench__glm-5-3,buseybench,hd,129,0.178,0.024,0.0,84,,
corpus__buseybench__glm-5-3-flash,buseybench,z1,79,1.284,0.436,0.0,159,0.212,0.296
corpus__buseybench__glm-5-3-flash,buseybench,z2,79,2.13,0.63,0.0,161,,
corpus__buseybench__glm-5-3-flash,buseybench,z4,79,2.945,0.843,0.0,95,,
corpus__buseybench__glm-5-3-flash,buseybench,hd,79,0.9,0.244,0.0116,198,,
corpus__buseybench__glm-5v-turbo,buseybench,z1,58,1.604,0.607,0.0,149,0.543,0.161
corpus__buseybench__glm-5v-turbo,buseybench,z2,58,2.544,0.691,0.0,175,,
corpus__buseybench__glm-5v-turbo,buseybench,z4,58,2.385,0.736,0.0,101,,
corpus__buseybench__glm-5v-turbo,buseybench,hd,58,0.883,0.115,0.0,105,,
corpus__buseybench__gpt-5-2-pro,buseybench,z1,51,2.044,0.916,0.0075,102,0.649,0.061
corpus__buseybench__gpt-5-2-pro,buseybench,z2,51,6.262,2.753,0.7166,87,,
corpus__buseybench__gpt-5-2-pro,buseybench,z4,51,16.724,7.494,4.357,78,,
corpus__buseybench__gpt-5-2-pro,buseybench,hd,51,2.706,1.295,0.7819,101,,
corpus__buseybench__gpt-5-6-luna-pro,buseybench,z1,33,0.875,0.119,0.0,71,0.108,0.013
corpus__buseybench__gpt-5-6-luna-pro,buseybench,z2,33,1.52,0.253,0.0,104,,
corpus__buseybench__gpt-5-6-luna-pro,buseybench,z4,33,1.293,0.181,0.0,58,,
corpus__buseybench__gpt-5-6-luna-pro,buseybench,hd,33,0.309,0.047,0.0,77,,
corpus__buseybench__gpt-5-6-sol,buseybench,z1,49,0.723,0.11,0.0,132,0.106,0.005
corpus__buseybench__gpt-5-6-sol,buseybench,z2,49,1.31,0.274,0.0,104,,
corpus__buseybench__gpt-5-6-sol,buseybench,z4,49,1.565,0.446,0.0,68,,
corpus__buseybench__gpt-5-6-sol,buseybench,hd,49,0.263,0.058,0.0,79,,
corpus__buseybench__gpt-5-6-sol-pro,buseybench,z1,40,3.412,1.049,0.1104,98,0.711,0.41
corpus__buseybench__gpt-5-6-sol-pro,buseybench,z2,40,7.962,3.07,1.1722,102,,
corpus__buseybench__gpt-5-6-sol-pro,buseybench,z4,40,9.523,3.179,1.0552,95,,
corpus__buseybench__gpt-5-6-sol-pro,buseybench,hd,40,2.589,1.034,0.6945,110,,
corpus__buseybench__gpt-5-6-terra-pro,buseybench,z1,29,2.713,0.954,0.0527,94,0.982,0.004
corpus__buseybench__gpt-5-6-terra-pro,buseybench,z2,29,5.644,2.322,0.7483,103,,
corpus__buseybench__gpt-5-6-terra-pro,buseybench,z4,29,8.34,3.658,1.9983,80,,
corpus__buseybench__gpt-5-6-terra-pro,buseybench,hd,29,2.444,1.01,0.6449,106,,
corpus__buseybench__gpt-6-astra,buseybench,z1,162,0.844,0.149,0.0,92,0.15,0.027
corpus__buseybench__gpt-6-astra,buseybench,z2,162,1.553,0.209,0.0,67,,
corpus__buseybench__gpt-6-astra,buseybench,z4,162,2.232,0.366,0.0,86,,
corpus__buseybench__gpt-6-astra,buseybench,hd,162,0.673,0.189,0.0102,115,,
corpus__buseybench__grok-4-5,buseybench,z1,76,1.544,0.64,0.0,197,0.702,0.095
corpus__buseybench__grok-4-5,buseybench,z2,76,1.775,0.466,0.0,133,,
corpus__buseybench__grok-4-5,buseybench,z4,76,1.666,0.355,0.0,136,,
corpus__buseybench__grok-4-5,buseybench,hd,76,0.37,0.081,0.0,206,,
corpus__buseybench__kimi-k2-6,buseybench,z1,55,1.06,0.223,0.0,85,0.222,0.033
corpus__buseybench__kimi-k2-6,buseybench,z2,55,1.727,0.341,0.0,81,,
corpus__buseybench__kimi-k2-6,buseybench,z4,55,1.506,0.483,0.0,84,,
corpus__buseybench__kimi-k2-6,buseybench,hd,55,0.318,0.062,0.0,74,,
corpus__buseybench__kimi-k3,buseybench,z1,51,1.792,0.358,0.0,81,0.114,0.309
corpus__buseybench__kimi-k3,buseybench,z2,51,3.903,0.928,0.0,91,,
corpus__buseybench__kimi-k3,buseybench,z4,51,3.99,0.865,0.0,57,,
corpus__buseybench__kimi-k3,buseybench,hd,51,0.881,0.144,0.0,91,,
corpus__buseybench__muse-spark-1-3,buseybench,z1,49,0.795,0.149,0.0,107,0.138,0.067
corpus__buseybench__muse-spark-1-3,buseybench,z2,49,2.09,0.345,0.0,76,,
corpus__buseybench__muse-spark-1-3,buseybench,z4,49,2.496,0.68,0.0,82,,
corpus__buseybench__muse-spark-1-3,buseybench,hd,49,0.372,0.065,0.0,110,,
corpus__buseybench__muse-spark-1-3-contributor,buseybench,z1,59,1.062,0.322,0.0,86,0.299,0.067
corpus__buseybench__muse-spark-1-3-contributor,buseybench,z2,59,1.929,0.591,0.0,84,,
corpus__buseybench__muse-spark-1-3-contributor,buseybench,z4,59,1.483,0.247,0.0,59,,
corpus__buseybench__muse-spark-1-3-contributor,buseybench,hd,59,0.339,0.107,0.0,76,,
corpus__buseybench__nex-n2-pro,buseybench,z1,103,1.142,0.275,0.0,107,0.125,0.166
corpus__buseybench__nex-n2-pro,buseybench,z2,103,2.788,0.767,0.0,68,,
corpus__buseybench__nex-n2-pro,buseybench,z4,103,4.516,0.941,0.0,75,,
corpus__buseybench__nex-n2-pro,buseybench,hd,103,0.66,0.141,0.0016,111,,
corpus__buseybench__ox-alpha,buseybench,z1,94,0.411,0.088,0.0,70,0.085,0.008
corpus__buseybench__ox-alpha,buseybench,z2,94,0.885,0.2,0.0,87,,
corpus__buseybench__ox-alpha,buseybench,z4,94,1.374,0.365,0.0,43,,
corpus__buseybench__ox-alpha,buseybench,hd,94,0.285,0.131,0.0006,135,,
corpus__buseybench__qwen3-8-2-4t-a95b,buseybench,z1,200,1.857,0.494,0.0,119,0.179,0.43
corpus__buseybench__qwen3-8-2-4t-a95b,buseybench,z2,200,3.345,0.777,0.0,135,,
corpus__buseybench__qwen3-8-2-4t-a95b,buseybench,z4,200,4.147,0.757,0.0,71,,
corpus__buseybench__qwen3-8-2-4t-a95b,buseybench,hd,200,4.001,1.971,1.3009,161,,
corpus__buseybench__qwen3-8-27b,buseybench,z1,100,0.707,0.156,0.0,145,0.139,0.031
corpus__buseybench__qwen3-8-27b,buseybench,z2,100,1.001,0.232,0.0,60,,
corpus__buseybench__qwen3-8-27b,buseybench,z4,100,1.251,0.191,0.0,69,,
corpus__buseybench__qwen3-8-27b,buseybench,hd,100,0.196,0.024,0.0,57,,
corpus__buseybench__qwen3-8-flash,buseybench,z1,119,1.245,0.191,0.0,70,0.169,0.001
corpus__buseybench__qwen3-8-flash,buseybench,z2,119,2.264,0.413,0.0,88,,
corpus__buseybench__qwen3-8-flash,buseybench,z4,119,2.991,0.55,0.0,71,,
corpus__buseybench__qwen3-8-flash,buseybench,hd,119,10.763,3.138,1.9696,198,,
corpus__buseybench__qwen3-8-max,buseybench,z1,94,0.62,0.084,0.0,138,0.078,0.033
corpus__buseybench__qwen3-8-max,buseybench,z2,94,1.8,0.25,0.0,100,,
corpus__buseybench__qwen3-8-max,buseybench,z4,94,1.35,0.112,0.0,72,,
corpus__buseybench__qwen3-8-max,buseybench,hd,94,0.425,0.029,0.0,96,,
corpus__firefox__amex,firefox,z1,0,0.695,0.379,0.0,91,0.38,0.07
corpus__firefox__amex,firefox,z2,0,0.749,0.305,0.0,88,,
corpus__firefox__amex,firefox,z4,0,0.824,0.344,0.0,92,,
corpus__firefox__amex,firefox,hd,0,0.229,0.082,0.0,82,,
corpus__firefox__apple-pay,firefox,z1,0,0.751,0.369,0.0,66,0.523,0.148
corpus__firefox__apple-pay,firefox,z2,0,1.341,0.666,0.0,95,,
corpus__firefox__apple-pay,firefox,z4,0,1.239,0.94,0.0,59,,
corpus__firefox__apple-pay,firefox,hd,0,0.266,0.099,0.0,79,,
corpus__firefox__arrow-clockwise-16,firefox,z1,0,0.0,0.0,0.0,0,9.434,9.434
corpus__firefox__arrow-clockwise-16,firefox,z2,0,0.0,0.0,0.0,0,,
corpus__firefox__arrow-clockwise-16,firefox,z4,0,0.0,0.0,0.0,0,,
corpus__firefox__arrow-clockwise-16,firefox,hd,0,0.0,0.0,0.0,0,,
corpus__firefox__diners,firefox,z1,0,2.635,1.997,0.0284,224,1.854,0.178
corpus__firefox__diners,firefox,z2,0,4.286,3.349,0.0084,220,,
corpus__firefox__diners,firefox,z4,0,4.893,3.636,0.0,165,,
corpus__firefox__diners,firefox,hd,0,0.681,0.397,0.0,158,,
corpus__firefox__discover,firefox,z1,0,0.894,0.488,0.0033,170,0.332,0.01
corpus__firefox__discover,firefox,z2,0,1.516,0.4,0.0,111,,
corpus__firefox__discover,firefox,z4,0,1.123,0.467,0.0,63,,
corpus__firefox__discover,firefox,hd,0,0.282,0.11,0.0,80,,
corpus__firefox__firefox,firefox,z1,3,0.753,0.331,0.0,223,0.325,0.005
corpus__firefox__firefox,firefox,z2,3,0.907,0.404,0.0,148,,
corpus__firefox__firefox,firefox,z4,3,0.713,0.281,0.0,147,,
corpus__firefox__firefox,firefox,hd,3,0.215,0.085,0.0,175,,
corpus__firefox__firefox-mascot-prop-heart-dark,firefox,z1,3,0.452,0.171,0.0,198,0.171,0.003
corpus__firefox__firefox-mascot-prop-heart-dark,firefox,z2,3,0.701,0.278,0.0,213,,
corpus__firefox__firefox-mascot-prop-heart-dark,firefox,z4,3,0.37,0.161,0.0,78,,
corpus__firefox__firefox-mascot-prop-heart-dark,firefox,hd,3,0.157,0.061,0.0,210,,
corpus__firefox__firefox-mascot-prop-heart-dark-narrow,firefox,z1,3,0.292,0.097,0.0,210,0.268,0.167
corpus__firefox__firefox-mascot-prop-heart-dark-narrow,firefox,z2,3,0.707,0.408,0.0,178,,
corpus__firefox__firefox-mascot-prop-heart-dark-narrow,firefox,z4,3,0.662,0.39,0.0,155,,
corpus__firefox__firefox-mascot-prop-heart-dark-narrow,firefox,hd,3,0.141,0.089,0.0,152,,
corpus__firefox__firefox-mascot-prop-heart-dark-responsive,firefox,z1,3,0.421,0.278,0.0,210,0.109,0.171
corpus__firefox__firefox-mascot-prop-heart-dark-responsive,firefox,z2,3,0.505,0.067,0.0,61,,
corpus__firefox__firefox-mascot-prop-heart-dark-responsive,firefox,z4,3,0.409,0.394,0.0,210,,
corpus__firefox__firefox-mascot-prop-heart-dark-responsive,firefox,hd,3,0.068,0.02,0.0,177,,
corpus__firefox__firefox-mascot-prop-heart-light,firefox,z1,3,0.457,0.181,0.0,210,0.185,0.003
corpus__firefox__firefox-mascot-prop-heart-light,firefox,z2,3,0.71,0.29,0.0,227,,
corpus__firefox__firefox-mascot-prop-heart-light,firefox,z4,3,0.386,0.167,0.0,74,,
corpus__firefox__firefox-mascot-prop-heart-light,firefox,hd,3,0.155,0.063,0.0,223,,
corpus__firefox__firefox-mascot-prop-heart-light-narrow,firefox,z1,3,0.293,0.103,0.0,214,0.105,0.0
corpus__firefox__firefox-mascot-prop-heart-light-narrow,firefox,z2,3,0.515,0.194,0.0,199,,
corpus__firefox__firefox-mascot-prop-heart-light-narrow,firefox,z4,3,0.56,0.186,0.0,165,,
corpus__firefox__firefox-mascot-prop-heart-light-narrow,firefox,hd,3,0.104,0.039,0.0,162,,
corpus__firefox__firefox-mascot-prop-heart-light-responsive,firefox,z1,3,0.268,0.138,0.0,188,0.111,0.029
corpus__firefox__firefox-mascot-prop-heart-light-responsive,firefox,z2,3,0.201,0.061,0.0,59,,
corpus__firefox__firefox-mascot-prop-heart-light-responsive,firefox,z4,3,0.148,0.115,0.0,99,,
corpus__firefox__firefox-mascot-prop-heart-light-responsive,firefox,hd,3,0.058,0.021,0.0,188,,
corpus__firefox__firefox-mascot-prop-paintbucket-rgb,firefox,z1,7,0.592,0.27,0.0,156,0.261,0.008
corpus__firefox__firefox-mascot-prop-paintbucket-rgb,firefox,z2,7,0.89,0.334,0.0,74,,
corpus__firefox__firefox-mascot-prop-paintbucket-rgb,firefox,z4,7,0.492,0.121,0.0,65,,
corpus__firefox__firefox-mascot-prop-paintbucket-rgb,firefox,hd,7,0.187,0.067,0.0,84,,
corpus__firefox__firefox-motion-head-pop-up-no-bg,firefox,z1,2,0.0,0.0,0.0,0,0.0,0.0
corpus__firefox__firefox-motion-head-pop-up-no-bg,firefox,z2,2,0.0,0.0,0.0,0,,
corpus__firefox__firefox-motion-head-pop-up-no-bg,firefox,z4,2,0.0,0.0,0.0,0,,
corpus__firefox__firefox-motion-head-pop-up-no-bg,firefox,hd,2,0.0,0.0,0.0,0,,
corpus__firefox__glyph-add-circle-fill-16,firefox,z1,0,0.0,0.0,0.0,0,21.158,21.158
corpus__firefox__glyph-add-circle-fill-16,firefox,z2,0,0.0,0.0,0.0,0,,
corpus__firefox__glyph-add-circle-fill-16,firefox,z4,0,0.0,0.0,0.0,0,,
corpus__firefox__glyph-add-circle-fill-16,firefox,hd,0,0.0,0.0,0.0,0,,
corpus__firefox__glyph-info-critical-16,firefox,z1,0,0.0,0.0,0.0,0,19.731,19.731
corpus__firefox__glyph-info-critical-16,firefox,z2,0,0.0,0.0,0.0,0,,
corpus__firefox__glyph-info-critical-16,firefox,z4,0,0.0,0.0,0.0,0,,
corpus__firefox__glyph-info-critical-16,firefox,hd,0,0.0,0.0,0.0,0,,
corpus__firefox__glyph-mail-16,firefox,z1,0,0.0,0.0,0.0,0,13.689,13.689
corpus__firefox__glyph-mail-16,firefox,z2,0,0.0,0.0,0.0,0,,
corpus__firefox__glyph-mail-16,firefox,z4,0,0.0,0.0,0.0,0,,
corpus__firefox__glyph-mail-16,firefox,hd,0,0.0,0.0,0.0,0,,
corpus__firefox__glyph-maximize-16,firefox,z1,0,0.0,0.0,0.0,0,16.482,16.482
corpus__firefox__glyph-maximize-16,firefox,z2,0,0.0,0.0,0.0,0,,
corpus__firefox__glyph-maximize-16,firefox,z4,0,0.0,0.0,0.0,0,,
corpus__firefox__glyph-maximize-16,firefox,hd,0,0.0,0.0,0.0,0,,
corpus__firefox__glyph-minimize-16,firefox,z1,0,0.0,0.0,0.0,0,14.984,14.984
corpus__firefox__glyph-minimize-16,firefox,z2,0,0.0,0.0,0.0,0,,
corpus__firefox__glyph-minimize-16,firefox,z4,0,0.0,0.0,0.0,0,,
corpus__firefox__glyph-minimize-16,firefox,hd,0,0.0,0.0,0.0,0,,
corpus__firefox__glyph-modal-delete-20,firefox,z1,0,0.0,0.0,0.0,0,10.477,10.477
corpus__firefox__glyph-modal-delete-20,firefox,z2,0,0.0,0.0,0.0,0,,
corpus__firefox__glyph-modal-delete-20,firefox,z4,0,0.0,0.0,0.0,0,,
corpus__firefox__glyph-modal-delete-20,firefox,hd,0,0.0,0.0,0.0,0,,
corpus__firefox__glyph-newWindow-16,firefox,z1,0,0.0,0.0,0.0,0,13.225,13.225
corpus__firefox__glyph-newWindow-16,firefox,z2,0,0.0,0.0,0.0,0,,
corpus__firefox__glyph-newWindow-16,firefox,z4,0,0.0,0.0,0.0,0,,
corpus__firefox__glyph-newWindow-16,firefox,hd,0,0.0,0.0,0.0,0,,
corpus__firefox__glyph-open-file-16,firefox,z1,0,0.0,0.0,0.0,0,14.457,14.457
corpus__firefox__glyph-open-file-16,firefox,z2,0,0.0,0.0,0.0,0,,
corpus__firefox__glyph-open-file-16,firefox,z4,0,0.0,0.0,0.0,0,,
corpus__firefox__glyph-open-file-16,firefox,hd,0,0.0,0.0,0.0,0,,
corpus__firefox__glyph-pin-16,firefox,z1,0,0.0,0.0,0.0,0,7.236,7.236
corpus__firefox__glyph-pin-16,firefox,z2,0,0.0,0.0,0.0,0,,
corpus__firefox__glyph-pin-16,firefox,z4,0,0.0,0.0,0.0,0,,
corpus__firefox__glyph-pin-16,firefox,hd,0,0.0,0.0,0.0,0,,
corpus__firefox__glyph-unpin-16,firefox,z1,0,0.0,0.0,0.0,0,13.307,13.307
corpus__firefox__glyph-unpin-16,firefox,z2,0,0.0,0.0,0.0,0,,
corpus__firefox__glyph-unpin-16,firefox,z4,0,0.0,0.0,0.0,0,,
corpus__firefox__glyph-unpin-16,firefox,hd,0,0.0,0.0,0.0,0,,
corpus__firefox__glyph-webextension-16,firefox,z1,0,0.0,0.0,0.0,0,18.912,18.912
corpus__firefox__glyph-webextension-16,firefox,z2,0,0.0,0.0,0.0,0,,
corpus__firefox__glyph-webextension-16,firefox,z4,0,0.0,0.0,0.0,0,,
corpus__firefox__glyph-webextension-16,firefox,hd,0,0.0,0.0,0.0,0,,
corpus__firefox__google-pay,firefox,z1,0,0.814,0.255,0.0,56,0.25,0.1
corpus__firefox__google-pay,firefox,z2,0,1.313,0.393,0.0,75,,
corpus__firefox__google-pay,firefox,z4,0,0.925,0.717,0.0,47,,
corpus__firefox__google-pay,firefox,hd,0,0.236,0.054,0.0,57,,
corpus__firefox__icon-removed-bookmark,firefox,z1,0,0.0,0.0,0.0,0,15.319,15.319
corpus__firefox__icon-removed-bookmark,firefox,z2,0,0.0,0.0,0.0,0,,
corpus__firefox__icon-removed-bookmark,firefox,z4,0,0.0,0.0,0.0,0,,
corpus__firefox__icon-removed-bookmark,firefox,hd,0,0.0,0.0,0.0,0,,
corpus__firefox__jcb,firefox,z1,0,0.504,0.234,0.0,117,0.237,0.001
corpus__firefox__jcb,firefox,z2,0,0.946,0.352,0.0,186,,
corpus__firefox__jcb,firefox,z4,0,0.492,0.215,0.0,81,,
corpus__firefox__jcb,firefox,hd,0,0.196,0.12,0.0,102,,
corpus__firefox__kit-circle-animated,firefox,z1,5,1.389,0.875,0.0,133,0.277,0.809
corpus__firefox__kit-circle-animated,firefox,z2,5,2.47,1.447,0.0,101,,
corpus__firefox__kit-circle-animated,firefox,z4,5,4.402,2.533,0.0142,121,,
corpus__firefox__kit-circle-animated,firefox,hd,5,0.451,0.262,0.0,172,,
corpus__firefox__kit-in-circle,firefox,z1,4,0.51,0.214,0.0,114,0.215,0.004
corpus__firefox__kit-in-circle,firefox,z2,4,0.807,0.324,0.0,57,,
corpus__firefox__kit-in-circle,firefox,z4,4,0.83,0.34,0.0,75,,
corpus__firefox__kit-in-circle,firefox,hd,4,0.186,0.086,0.0,178,,
corpus__firefox__kit-stocks-watchlist,firefox,z1,9,0.495,0.217,0.0,174,0.221,0.001
corpus__firefox__kit-stocks-watchlist,firefox,z2,9,0.872,0.348,0.0,167,,
corpus__firefox__kit-stocks-watchlist,firefox,z4,9,0.652,0.189,0.0,78,,
corpus__firefox__kit-stocks-watchlist,firefox,hd,9,0.147,0.077,0.0,183,,
corpus__firefox__link,firefox,z1,0,0.437,0.251,0.0,74,0.242,0.007
corpus__firefox__link,firefox,z2,0,0.358,0.192,0.0,69,,
corpus__firefox__link,firefox,z4,0,0.0,0.0,0.0,0,,
corpus__firefox__link,firefox,hd,0,0.113,0.051,0.0,89,,
corpus__firefox__lists-empty-state-comet,firefox,z1,0,2.63,2.447,1.439,248,0.196,2.324
corpus__firefox__lists-empty-state-comet,firefox,z2,0,9.86,9.662,7.6856,248,,
corpus__firefox__lists-empty-state-comet,firefox,z4,0,18.62,18.485,15.8763,248,,
corpus__firefox__lists-empty-state-comet,firefox,hd,0,3.963,3.926,3.5969,248,,
corpus__firefox__lists-empty-state-dark,firefox,z1,2,0.253,0.019,0.0,42,0.046,0.062
corpus__firefox__lists-empty-state-dark,firefox,z2,2,0.389,0.044,0.0,40,,
corpus__firefox__lists-empty-state-dark,firefox,z4,2,0.127,0.003,0.0,27,,
corpus__firefox__lists-empty-state-dark,firefox,hd,2,0.133,0.021,0.0,46,,
corpus__firefox__lists-empty-state-light,firefox,z1,1,0.052,0.008,0.0,43,0.008,0.0
corpus__firefox__lists-empty-state-light,firefox,z2,1,0.151,0.027,0.0,34,,
corpus__firefox__lists-empty-state-light,firefox,z4,1,0.056,0.0,0.0,17,,
corpus__firefox__lists-empty-state-light,firefox,hd,1,0.01,0.0,0.0,26,,
corpus__firefox__lists-empty-state-nova,firefox,z1,3,0.406,0.224,0.0,252,0.228,0.011
corpus__firefox__lists-empty-state-nova,firefox,z2,3,0.568,0.264,0.0,254,,
corpus__firefox__lists-empty-state-nova,firefox,z4,3,0.658,0.349,0.0,255,,
corpus__firefox__lists-empty-state-nova,firefox,hd,3,0.114,0.051,0.0,252,,
corpus__firefox__mastercard,firefox,z1,0,0.326,0.132,0.0,52,0.143,0.011
corpus__firefox__mastercard,firefox,z2,0,0.478,0.268,0.0,58,,
corpus__firefox__mastercard,firefox,z4,0,0.352,0.096,0.0,43,,
corpus__firefox__mastercard,firefox,hd,0,0.117,0.049,0.0,84,,
corpus__firefox__paypal,firefox,z1,0,0.314,0.135,0.0,93,0.133,0.0
corpus__firefox__paypal,firefox,z2,0,0.144,0.035,0.0,57,,
corpus__firefox__paypal,firefox,z4,0,0.0,0.0,0.0,0,,
corpus__firefox__paypal,firefox,hd,0,0.077,0.028,0.0,88,,
corpus__firefox__pocket-swoosh,firefox,z1,0,1.737,1.011,0.0,224,1.022,0.005
corpus__firefox__pocket-swoosh,firefox,z2,0,2.696,1.747,0.0,224,,
corpus__firefox__pocket-swoosh,firefox,z4,0,2.436,1.925,0.0,224,,
corpus__firefox__pocket-swoosh,firefox,hd,0,0.525,0.306,0.0,224,,
corpus__firefox__puzzle-fox,firefox,z1,0,0.921,0.298,0.0,166,0.306,0.018
corpus__firefox__puzzle-fox,firefox,z2,0,1.451,0.521,0.0,106,,
corpus__firefox__puzzle-fox,firefox,z4,0,1.23,0.393,0.0,96,,
corpus__firefox__puzzle-fox,firefox,hd,0,0.329,0.141,0.0,98,,
corpus__firefox__spinner,firefox,z1,1,0.0,0.0,0.0,0,0.0,0.0
corpus__firefox__spinner,firefox,z2,1,0.0,0.0,0.0,0,,
corpus__firefox__spinner,firefox,z4,1,0.0,0.0,0.0,0,,
corpus__firefox__spinner,firefox,hd,1,0.0,0.0,0.0,1,,
corpus__firefox__tiktok,firefox,z1,0,0.52,0.234,0.0,100,0.225,0.013
corpus__firefox__tiktok,firefox,z2,0,0.875,0.448,0.0,71,,
corpus__firefox__tiktok,firefox,z4,0,0.749,0.399,0.0,107,,
corpus__firefox__tiktok,firefox,hd,0,0.16,0.073,0.0,79,,
corpus__firefox__unbranded,firefox,z1,0,0.157,0.005,0.0,31,0.005,0.0
corpus__firefox__unbranded,firefox,z2,0,0.538,0.023,0.0,40,,
corpus__firefox__unbranded,firefox,z4,0,0.037,0.033,0.0,31,,
corpus__firefox__unbranded,firefox,hd,0,0.042,0.006,0.0,31,,
corpus__firefox__unionpay,firefox,z1,0,0.926,0.385,0.0,238,0.379,0.017
corpus__firefox__unionpay,firefox,z2,0,1.694,0.978,0.0,204,,
corpus__firefox__unionpay,firefox,z4,0,1.503,0.524,0.0,233,,
corpus__firefox__unionpay,firefox,hd,0,0.28,0.12,0.0,247,,
corpus__firefox__visa,firefox,z1,0,0.36,0.169,0.0,97,0.174,0.008
corpus__firefox__visa,firefox,z2,0,0.263,0.046,0.0,56,,
corpus__firefox__visa,firefox,z4,0,0.0,0.0,0.0,0,,
corpus__firefox__visa,firefox,hd,0,0.113,0.053,0.0,103,,
corpus__firefox__wallpaper-landscape-planet,firefox,z1,4,0.2,0.171,0.0,42,0.171,0.0
corpus__firefox__wallpaper-landscape-planet,firefox,z2,4,0.111,0.028,0.0,35,,
corpus__firefox__wallpaper-landscape-planet,firefox,z4,4,0.0,0.0,0.0,3,,
corpus__firefox__wallpaper-landscape-planet,firefox,hd,4,0.062,0.056,0.0,42,,
corpus__firefox__widget-privacy-bolt,firefox,z1,0,0.254,0.034,0.0,70,0.033,0.0
corpus__firefox__widget-privacy-bolt,firefox,z2,0,0.37,0.046,0.0,57,,
corpus__firefox__widget-privacy-bolt,firefox,z4,0,0.4,0.134,0.0,57,,
corpus__firefox__widget-privacy-bolt,firefox,hd,0,0.08,0.012,0.0,48,,
corpus__firefox__widget-privacy-etp-off,firefox,z1,0,0.212,0.043,0.0,42,0.044,0.0
corpus__firefox__widget-privacy-etp-off,firefox,z2,0,0.203,0.018,0.0,34,,
corpus__firefox__widget-privacy-etp-off,firefox,z4,0,0.021,0.0,0.0,16,,
corpus__firefox__widget-privacy-etp-off,firefox,hd,0,0.065,0.008,0.0,35,,
corpus__firefox__widget-privacy-kit,firefox,z1,6,0.681,0.242,0.0,70,0.247,0.008
corpus__firefox__widget-privacy-kit,firefox,z2,6,0.987,0.413,0.0,74,,
corpus__firefox__widget-privacy-kit,firefox,z4,6,0.76,0.352,0.0,90,,
corpus__firefox__widget-privacy-kit,firefox,hd,6,0.253,0.088,0.0,214,,
corpus__firefox__widget-privacy-planet,firefox,z1,4,0.508,0.194,0.0,151,0.189,0.0
corpus__firefox__widget-privacy-planet,firefox,z2,4,0.569,0.157,0.0,51,,
corpus__firefox__widget-privacy-planet,firefox,z4,4,0.625,0.248,0.0,62,,
corpus__firefox__widget-privacy-planet,firefox,hd,4,0.171,0.072,0.0,85,,
corpus__firefox__widget-privacy-shield,firefox,z1,0,0.505,0.164,0.0,74,0.166,0.0
corpus__firefox__widget-privacy-shield,firefox,z2,0,0.505,0.194,0.0,55,,
corpus__firefox__widget-privacy-shield,firefox,z4,0,0.037,0.003,0.0,33,,
corpus__firefox__widget-privacy-shield,firefox,hd,0,0.152,0.056,0.0,84,,
corpus__firefox__widget-privacy-shield-check,firefox,z1,0,0.753,0.288,0.0,190,0.273,0.005
corpus__firefox__widget-privacy-shield-check,firefox,z2,0,0.938,0.324,0.0,203,,
corpus__firefox__widget-privacy-shield-check,firefox,z4,0,0.724,0.382,0.0,190,,
corpus__firefox__widget-privacy-shield-check,firefox,hd,0,0.253,0.105,0.0,192,,
corpus__firefox__widget-privacy-star,firefox,z1,6,0.312,0.112,0.0,60,0.115,0.001
corpus__firefox__widget-privacy-star,firefox,z2,6,0.837,0.289,0.0,61,,
corpus__firefox__widget-privacy-star,firefox,z4,6,0.418,0.2,0.0,72,,
corpus__firefox__widget-privacy-star,firefox,hd,6,0.133,0.046,0.0,69,,
corpus__firefox__widgets-cta,firefox,z1,3,0.756,0.312,0.0,183,0.253,0.07
corpus__firefox__widgets-cta,firefox,z2,3,0.972,0.447,0.0,144,,
corpus__firefox__widgets-cta,firefox,z4,3,0.36,0.096,0.0,74,,
corpus__firefox__widgets-cta,firefox,hd,3,0.235,0.102,0.0,208,,
corpus__firefox__world-cup-widgets-cta,firefox,z1,6,0.717,0.293,0.0,222,0.29,0.031
corpus__firefox__world-cup-widgets-cta,firefox,z2,6,1.054,0.449,0.0,222,,
corpus__firefox__world-cup-widgets-cta,firefox,z4,6,0.474,0.206,0.0,74,,
corpus__firefox__world-cup-widgets-cta,firefox,hd,6,0.247,0.108,0.0,235,,
corpus__firefox-com__Bolt_GL1BlXf.width-100,firefox-com,z1,0,0.19,0.031,0.0,65,0.043,0.015
corpus__firefox-com__Bolt_GL1BlXf.width-100,firefox-com,z2,0,0.322,0.066,0.0,34,0.065,0.0
corpus__firefox-com__Bolt_GL1BlXf.width-100,firefox-com,z4,0,0.321,0.076,0.0,52,0.077,0.0
corpus__firefox-com__Bolt_GL1BlXf.width-100,firefox-com,hd,0,0.067,0.009,0.0,83,0.009,0.001
corpus__firefox-com__Bolt_GL1BlXf.width-1000,firefox-com,z1,0,0.19,0.031,0.0,65,0.043,0.015
corpus__firefox-com__Bolt_GL1BlXf.width-1000,firefox-com,z2,0,0.322,0.066,0.0,34,0.065,0.0
corpus__firefox-com__Bolt_GL1BlXf.width-1000,firefox-com,z4,0,0.321,0.076,0.0,52,0.077,0.0
corpus__firefox-com__Bolt_GL1BlXf.width-1000,firefox-com,hd,0,0.067,0.009,0.0,83,0.009,0.001
corpus__firefox-com__Bolt_GL1BlXf.width-2000,firefox-com,z1,0,0.19,0.031,0.0,65,0.043,0.015
corpus__firefox-com__Bolt_GL1BlXf.width-2000,firefox-com,z2,0,0.322,0.066,0.0,34,0.065,0.0
corpus__firefox-com__Bolt_GL1BlXf.width-2000,firefox-com,z4,0,0.321,0.076,0.0,52,0.077,0.0
corpus__firefox-com__Bolt_GL1BlXf.width-2000,firefox-com,hd,0,0.067,0.009,0.0,83,0.009,0.001
corpus__firefox-com__Cursor_HIkIYqM.width-100,firefox-com,z1,0,0.125,0.02,0.0,23,0.018,0.001
corpus__firefox-com__Cursor_HIkIYqM.width-100,firefox-com,z2,0,0.186,0.018,0.0,51,0.021,0.0
corpus__firefox-com__Cursor_HIkIYqM.width-100,firefox-com,z4,0,0.071,0.008,0.0,30,0.008,0.0
corpus__firefox-com__Cursor_HIkIYqM.width-100,firefox-com,hd,0,0.041,0.004,0.0,34,0.003,0.002
corpus__firefox-com__Cursor_HIkIYqM.width-1000,firefox-com,z1,0,0.125,0.02,0.0,23,0.018,0.001
corpus__firefox-com__Cursor_HIkIYqM.width-1000,firefox-com,z2,0,0.186,0.018,0.0,51,0.021,0.0
corpus__firefox-com__Cursor_HIkIYqM.width-1000,firefox-com,z4,0,0.071,0.008,0.0,30,0.008,0.0
corpus__firefox-com__Cursor_HIkIYqM.width-1000,firefox-com,hd,0,0.041,0.004,0.0,34,0.003,0.002
corpus__firefox-com__Cursor_HIkIYqM.width-2000,firefox-com,z1,0,0.125,0.02,0.0,23,0.018,0.001
corpus__firefox-com__Cursor_HIkIYqM.width-2000,firefox-com,z2,0,0.186,0.018,0.0,51,0.021,0.0
corpus__firefox-com__Cursor_HIkIYqM.width-2000,firefox-com,z4,0,0.071,0.008,0.0,30,0.008,0.0
corpus__firefox-com__Cursor_HIkIYqM.width-2000,firefox-com,hd,0,0.041,0.004,0.0,34,0.003,0.002
corpus__firefox-com__Kit_Devices_Dark.width-200,firefox-com,z1,11,0.688,0.255,0.0,192,0.214,0.023
corpus__firefox-com__Kit_Devices_Dark.width-200,firefox-com,z2,11,0.79,0.589,0.0017,214,0.408,0.03
corpus__firefox-com__Kit_Devices_Dark.width-200,firefox-com,z4,11,0.565,0.136,0.0,153,0.505,0.395
corpus__firefox-com__Kit_Devices_Dark.width-200,firefox-com,hd,11,0.218,0.144,0.0,191,0.156,0.04
corpus__firefox-com__Kit_Devices_Light.width-100,firefox-com,z1,11,0.35,0.145,0.0,189,0.142,0.022
corpus__firefox-com__Kit_Devices_Light.width-100,firefox-com,z2,11,0.397,0.257,0.0017,214,0.233,0.028
corpus__firefox-com__Kit_Devices_Light.width-100,firefox-com,z4,11,0.565,0.481,0.0,152,0.482,0.422
corpus__firefox-com__Kit_Devices_Light.width-100,firefox-com,hd,11,0.139,0.095,0.0,187,0.091,0.006
corpus__firefox-com__Kit_Devices_Light.width-200,firefox-com,z1,11,0.35,0.145,0.0,189,0.142,0.022
corpus__firefox-com__Kit_Devices_Light.width-200,firefox-com,z2,11,0.397,0.257,0.0017,214,0.233,0.028
corpus__firefox-com__Kit_Devices_Light.width-200,firefox-com,z4,11,0.565,0.481,0.0,152,0.482,0.422
corpus__firefox-com__Kit_Devices_Light.width-200,firefox-com,hd,11,0.139,0.095,0.0,187,0.091,0.006
corpus__firefox-com__Kit_Devices_Light.width-2000,firefox-com,z1,11,0.391,0.269,0.0,197,0.143,0.156
corpus__firefox-com__Kit_Devices_Light.width-2000,firefox-com,z2,11,0.448,0.261,0.0017,146,0.185,0.077
corpus__firefox-com__Kit_Devices_Light.width-2000,firefox-com,z4,11,0.622,0.121,0.0,147,0.171,0.071
corpus__firefox-com__Kit_Devices_Light.width-2000,firefox-com,hd,11,0.089,0.043,0.0,182,0.048,0.024
corpus__firefox-com__Kit_Keyhole_Landscape_Dark_Mobile.width-100,firefox-com,z1,3,0.53,0.249,0.0,166,0.166,0.093
corpus__firefox-com__Kit_Keyhole_Landscape_Dark_Mobile.width-100,firefox-com,z2,3,0.808,0.494,0.0,176,0.386,0.104
corpus__firefox-com__Kit_Keyhole_Landscape_Dark_Mobile.width-100,firefox-com,z4,3,0.727,0.276,0.0,150,0.276,0.002
corpus__firefox-com__Kit_Keyhole_Landscape_Dark_Mobile.width-100,firefox-com,hd,3,0.172,0.105,0.0,206,0.061,0.076
corpus__firefox-com__Kit_Keyhole_Landscape_Dark_Mobile.width-200,firefox-com,z1,3,0.618,0.419,0.0,172,0.418,0.0
corpus__firefox-com__Kit_Keyhole_Landscape_Dark_Mobile.width-200,firefox-com,z2,3,0.92,0.622,0.0,189,0.404,0.219
corpus__firefox-com__Kit_Keyhole_Landscape_Dark_Mobile.width-200,firefox-com,z4,3,0.722,0.265,0.0,148,0.271,0.001
corpus__firefox-com__Kit_Keyhole_Landscape_Dark_Mobile.width-200,firefox-com,hd,3,0.159,0.094,0.0,165,0.1,0.024
corpus__firefox-com__Kit_Keyhole_Landscape_Light.width-100,firefox-com,z1,3,0.298,0.117,0.0,152,0.12,0.0
corpus__firefox-com__Kit_Keyhole_Landscape_Light.width-100,firefox-com,z2,3,0.348,0.132,0.0,118,0.131,0.0
corpus__firefox-com__Kit_Keyhole_Landscape_Light.width-100,firefox-com,z4,3,0.232,0.059,0.0,55,0.055,0.0
corpus__firefox-com__Kit_Keyhole_Landscape_Light.width-100,firefox-com,hd,3,0.093,0.039,0.0,77,0.043,0.013
corpus__firefox-com__Kit_Keyhole_Landscape_Light.width-200,firefox-com,z1,3,0.303,0.13,0.0,220,0.124,0.001
corpus__firefox-com__Kit_Keyhole_Landscape_Light.width-200,firefox-com,z2,3,0.341,0.131,0.0,129,0.13,0.002
corpus__firefox-com__Kit_Keyhole_Landscape_Light.width-200,firefox-com,z4,3,0.215,0.066,0.0,63,0.064,0.003
corpus__firefox-com__Kit_Keyhole_Landscape_Light.width-200,firefox-com,hd,3,0.084,0.03,0.0,101,0.034,0.009
corpus__firefox-com__Kit_Keyhole_Landscape_Light.width-2000,firefox-com,z1,3,0.238,0.11,0.0,202,0.11,0.0
corpus__firefox-com__Kit_Keyhole_Landscape_Light.width-2000,firefox-com,z2,3,0.342,0.138,0.0,160,0.137,0.0
corpus__firefox-com__Kit_Keyhole_Landscape_Light.width-2000,firefox-com,z4,3,0.274,0.079,0.0,45,0.077,0.003
corpus__firefox-com__Kit_Keyhole_Landscape_Light.width-2000,firefox-com,hd,3,0.081,0.028,0.0,74,0.032,0.009
corpus__firefox-com__Kit_Keyhole_Landscape_Light_Mobile.width-200,firefox-com,z1,3,0.376,0.132,0.0,194,0.126,0.0
corpus__firefox-com__Kit_Keyhole_Landscape_Light_Mobile.width-200,firefox-com,z2,3,0.758,0.328,0.0,170,0.318,0.006
corpus__firefox-com__Kit_Keyhole_Landscape_Light_Mobile.width-200,firefox-com,z4,3,0.777,0.29,0.0,116,0.287,0.001
corpus__firefox-com__Kit_Keyhole_Landscape_Light_Mobile.width-200,firefox-com,hd,3,0.117,0.053,0.0,98,0.06,0.015
corpus__firefox-com__Shield_41DIZ0q.width-100,firefox-com,z1,0,0.446,0.162,0.0,46,0.156,0.0
corpus__firefox-com__Shield_41DIZ0q.width-100,firefox-com,z2,0,0.579,0.159,0.0,57,0.161,0.0
corpus__firefox-com__Shield_41DIZ0q.width-100,firefox-com,z4,0,0.093,0.026,0.0,30,0.02,0.0
corpus__firefox-com__Shield_41DIZ0q.width-100,firefox-com,hd,0,0.132,0.048,0.0,74,0.072,0.027
corpus__firefox-com__Shield_41DIZ0q.width-1000,firefox-com,z1,0,0.446,0.162,0.0,46,0.156,0.0
corpus__firefox-com__Shield_41DIZ0q.width-1000,firefox-com,z2,0,0.579,0.159,0.0,57,0.161,0.0
corpus__firefox-com__Shield_41DIZ0q.width-1000,firefox-com,z4,0,0.093,0.026,0.0,30,0.02,0.0
corpus__firefox-com__Shield_41DIZ0q.width-1000,firefox-com,hd,0,0.132,0.048,0.0,74,0.072,0.027
corpus__firefox-com__Shield_41DIZ0q.width-2000,firefox-com,z1,0,0.446,0.162,0.0,46,0.156,0.0
corpus__firefox-com__Shield_41DIZ0q.width-2000,firefox-com,z2,0,0.579,0.159,0.0,57,0.161,0.0
corpus__firefox-com__Shield_41DIZ0q.width-2000,firefox-com,z4,0,0.093,0.026,0.0,30,0.02,0.0
corpus__firefox-com__Shield_41DIZ0q.width-2000,firefox-com,hd,0,0.132,0.048,0.0,74,0.072,0.027
corpus__firefox-com__Toggle_DNTkMhH.width-100,firefox-com,z1,0,0.801,0.423,0.0677,99,0.416,0.0
corpus__firefox-com__Toggle_DNTkMhH.width-100,firefox-com,z2,0,2.937,1.449,0.6923,89,1.425,0.0
corpus__firefox-com__Toggle_DNTkMhH.width-100,firefox-com,z4,0,2.621,0.663,0.1137,81,0.571,0.001
corpus__firefox-com__Toggle_DNTkMhH.width-100,firefox-com,hd,0,1.174,0.579,0.4597,94,0.552,0.01
corpus__firefox-com__Toggle_DNTkMhH.width-1000,firefox-com,z1,0,0.801,0.423,0.0677,99,0.416,0.0
corpus__firefox-com__Toggle_DNTkMhH.width-1000,firefox-com,z2,0,2.937,1.449,0.6923,89,1.425,0.0
corpus__firefox-com__Toggle_DNTkMhH.width-1000,firefox-com,z4,0,2.621,0.663,0.1137,81,0.571,0.001
corpus__firefox-com__Toggle_DNTkMhH.width-1000,firefox-com,hd,0,1.174,0.579,0.4597,94,0.552,0.01
corpus__firefox-com__Toggle_DNTkMhH.width-2000,firefox-com,z1,0,0.801,0.423,0.0677,99,0.416,0.0
corpus__firefox-com__Toggle_DNTkMhH.width-2000,firefox-com,z2,0,2.937,1.449,0.6923,89,1.425,0.0
corpus__firefox-com__Toggle_DNTkMhH.width-2000,firefox-com,z4,0,2.621,0.663,0.1137,81,0.571,0.001
corpus__firefox-com__Toggle_DNTkMhH.width-2000,firefox-com,hd,0,1.174,0.579,0.4597,94,0.552,0.01
corpus__firefox-com__btn-app-store.1cfd5dba4a92,firefox-com,z1,0,1.037,0.323,0.0,224,0.321,0.001
corpus__firefox-com__btn-app-store.1cfd5dba4a92,firefox-com,z2,0,0.778,0.232,0.0,87,0.536,0.313
corpus__firefox-com__btn-app-store.1cfd5dba4a92,firefox-com,z4,0,0.0,0.0,0.0,0,0.0,0.0
corpus__firefox-com__btn-app-store.1cfd5dba4a92,firefox-com,hd,0,0.286,0.132,0.0,96,0.13,0.003
corpus__firefox-com__devices-cropped.width-100,firefox-com,z1,4,0.244,0.166,0.0,59,0.166,0.0
corpus__firefox-com__devices-cropped.width-100,firefox-com,z2,4,0.139,0.026,0.0,34,0.027,0.0
corpus__firefox-com__devices-cropped.width-100,firefox-com,z4,4,0.0,0.0,0.0,8,0.0,0.0
corpus__firefox-com__devices-cropped.width-100,firefox-com,hd,4,0.081,0.015,0.0,64,0.015,0.003
corpus__firefox-com__devices-cropped.width-2000,firefox-com,z1,4,0.244,0.166,0.0,59,0.166,0.0
corpus__firefox-com__devices-cropped.width-2000,firefox-com,z2,4,0.139,0.026,0.0,34,0.027,0.0
corpus__firefox-com__devices-cropped.width-2000,firefox-com,z4,4,0.0,0.0,0.0,8,0.0,0.0
corpus__firefox-com__devices-cropped.width-2000,firefox-com,hd,4,0.081,0.015,0.0,64,0.015,0.003
corpus__firefox-com__devices-cropped.width-400,firefox-com,z1,4,0.244,0.166,0.0,59,0.166,0.0
corpus__firefox-com__devices-cropped.width-400,firefox-com,z2,4,0.139,0.026,0.0,34,0.027,0.0
corpus__firefox-com__devices-cropped.width-400,firefox-com,z4,4,0.0,0.0,0.0,8,0.0,0.0
corpus__firefox-com__devices-cropped.width-400,firefox-com,hd,4,0.081,0.015,0.0,64,0.015,0.003
corpus__firefox-com__fingerprint-tracking-cropped.width-100,firefox-com,z1,0,0.512,0.166,0.0,77,0.229,0.12
corpus__firefox-com__fingerprint-tracking-cropped.width-100,firefox-com,z2,0,0.597,0.068,0.0,46,0.16,0.095
corpus__firefox-com__fingerprint-tracking-cropped.width-100,firefox-com,z4,0,0.416,0.028,0.0,29,0.183,0.159
corpus__firefox-com__fingerprint-tracking-cropped.width-100,firefox-com,hd,0,0.206,0.07,0.0,83,0.111,0.061
corpus__firefox-com__fingerprint-tracking-cropped.width-2000,firefox-com,z1,0,0.512,0.166,0.0,77,0.229,0.12
corpus__firefox-com__fingerprint-tracking-cropped.width-2000,firefox-com,z2,0,0.597,0.068,0.0,46,0.16,0.095
corpus__firefox-com__fingerprint-tracking-cropped.width-2000,firefox-com,z4,0,0.416,0.028,0.0,29,0.183,0.159
corpus__firefox-com__fingerprint-tracking-cropped.width-2000,firefox-com,hd,0,0.206,0.07,0.0,83,0.111,0.061
corpus__firefox-com__fingerprint-tracking-cropped.width-400,firefox-com,z1,0,0.512,0.166,0.0,77,0.229,0.12
corpus__firefox-com__fingerprint-tracking-cropped.width-400,firefox-com,z2,0,0.597,0.068,0.0,46,0.16,0.095
corpus__firefox-com__fingerprint-tracking-cropped.width-400,firefox-com,z4,0,0.416,0.028,0.0,29,0.183,0.159
corpus__firefox-com__fingerprint-tracking-cropped.width-400,firefox-com,hd,0,0.206,0.07,0.0,83,0.111,0.061
corpus__firefox-com__firefox-enterprise-browser-img.52254889d4cf,firefox-com,z1,1,2.375,1.404,0.0025,175,2.045,0.123
corpus__firefox-com__firefox-enterprise-browser-img.52254889d4cf,firefox-com,z2,1,5.622,3.546,0.0,107,3.249,0.008
corpus__firefox-com__firefox-enterprise-browser-img.52254889d4cf,firefox-com,z4,1,8.546,3.758,0.3846,119,3.759,0.011
corpus__firefox-com__firefox-enterprise-browser-img.52254889d4cf,firefox-com,hd,1,3.108,1.472,0.6402,123,1.368,0.038
corpus__firefox-com__logo-word-hor-2026,firefox-com,z1,0,0.475,0.232,0.0,136,0.239,0.013
corpus__firefox-com__logo-word-hor-2026,firefox-com,z2,0,0.324,0.135,0.0,149,0.135,0.011
corpus__firefox-com__logo-word-hor-2026,firefox-com,z4,0,0.0,0.0,0.0,0,0.0,0.0
corpus__firefox-com__logo-word-hor-2026,firefox-com,hd,0,0.139,0.065,0.0,196,0.068,0.01
corpus__firefox-com__privacy-shield-cropped.width-100,firefox-com,z1,0,0.808,0.315,0.0,195,0.307,0.0
corpus__firefox-com__privacy-shield-cropped.width-100,firefox-com,z2,0,1.04,0.416,0.0,194,0.422,0.003
corpus__firefox-com__privacy-shield-cropped.width-100,firefox-com,z4,0,0.83,0.454,0.0,190,0.44,0.0
corpus__firefox-com__privacy-shield-cropped.width-100,firefox-com,hd,0,0.273,0.125,0.0,184,0.159,0.07
corpus__firefox-com__privacy-shield-cropped.width-2000,firefox-com,z1,0,0.808,0.315,0.0,195,0.307,0.0
corpus__firefox-com__privacy-shield-cropped.width-2000,firefox-com,z2,0,1.04,0.416,0.0,194,0.422,0.003
corpus__firefox-com__privacy-shield-cropped.width-2000,firefox-com,z4,0,0.83,0.454,0.0,190,0.44,0.0
corpus__firefox-com__privacy-shield-cropped.width-2000,firefox-com,hd,0,0.273,0.125,0.0,184,0.159,0.07
corpus__firefox-com__privacy-shield-cropped.width-400,firefox-com,z1,0,0.808,0.315,0.0,195,0.307,0.0
corpus__firefox-com__privacy-shield-cropped.width-400,firefox-com,z2,0,1.04,0.416,0.0,194,0.422,0.003
corpus__firefox-com__privacy-shield-cropped.width-400,firefox-com,z4,0,0.83,0.454,0.0,190,0.44,0.0
corpus__firefox-com__privacy-shield-cropped.width-400,firefox-com,hd,0,0.273,0.125,0.0,184,0.159,0.07
corpus__icons__gfx_icon_faithful,icons,z1,0,0.688,0.003,0.0,22,0.625,1.124
corpus__icons__gfx_icon_faithful,icons,z2,0,1.299,0.012,0.0,24,,
corpus__icons__gfx_icon_faithful,icons,z4,0,0.642,0.0,0.0,17,,
corpus__icons__gfx_icon_faithful,icons,hd,0,0.142,0.0,0.0,19,,
corpus__icons__wasm_speed_benchmark_master,icons,z1,6,1.235,0.58,0.0,160,0.648,0.191
corpus__icons__wasm_speed_benchmark_master,icons,z2,6,1.411,0.481,0.0,117,,
corpus__icons__wasm_speed_benchmark_master,icons,z4,6,0.759,0.236,0.0,103,,
corpus__icons__wasm_speed_benchmark_master,icons,hd,6,0.33,0.156,0.0,126,,
corpus__icons__wasm_speed_benchmark_master_suck,icons,z1,7,0.89,0.394,0.0,181,0.615,0.244
corpus__icons__wasm_speed_benchmark_master_suck,icons,z2,7,1.33,0.633,0.0,179,,
corpus__icons__wasm_speed_benchmark_master_suck,icons,z4,7,0.832,0.348,0.0,255,,
corpus__icons__wasm_speed_benchmark_master_suck,icons,hd,7,0.282,0.114,0.0,138,,
background-noodles-left-dark,logos,z1,1,0.102,0.012,0.0,33,0.013,0.0
background-noodles-left-dark,logos,z2,1,0.232,0.068,0.0,48,,
background-noodles-left-dark,logos,z4,1,0.01,0.0,0.0,13,,
background-noodles-left-dark,logos,hd,1,0.031,0.006,0.0,40,,
clipdemo,logos,z1,0,0.699,0.541,0.0,168,0.534,0.155
clipdemo,logos,z2,0,0.914,0.68,0.0,191,,
clipdemo,logos,z4,0,0.582,0.432,0.0,159,,
clipdemo,logos,hd,0,0.229,0.177,0.0,184,,
duckduckgo-com_2x,logos,z1,1,1.554,0.754,0.0,97,0.753,0.018
duckduckgo-com_2x,logos,z2,1,1.529,0.457,0.0,62,,
duckduckgo-com_2x,logos,z4,1,0.831,0.253,0.0,68,,
duckduckgo-com_2x,logos,hd,1,0.484,0.206,0.0,95,,
fox-with-box-on-cloud,logos,z1,0,1.834,1.028,0.0,240,1.033,0.028
fox-with-box-on-cloud,logos,z2,0,2.778,1.463,0.0,220,,
fox-with-box-on-cloud,logos,z4,0,2.175,0.963,0.0,196,,
fox-with-box-on-cloud,logos,hd,0,0.506,0.235,0.0,148,,
google-workspace-48px,logos,z1,1,0.267,0.066,0.0,105,0.086,0.055
google-workspace-48px,logos,z2,1,0.315,0.077,0.0,54,,
google-workspace-48px,logos,z4,1,0.184,0.029,0.0,45,,
google-workspace-48px,logos,hd,1,6.59,3.809,3.4827,129,,
kit,logos,z1,2,0.0,0.0,0.0,0,0.0,0.0
kit,logos,z2,2,0.0,0.0,0.0,0,,
kit,logos,z4,2,0.0,0.0,0.0,0,,
kit,logos,hd,2,0.0,0.0,0.0,0,,
kit-flame-reduction,logos,z1,0,0.131,0.009,0.0,28,0.009,0.0
kit-flame-reduction,logos,z2,0,0.242,0.034,0.0,31,,
kit-flame-reduction,logos,z4,0,0.023,0.0,0.0,19,,
kit-flame-reduction,logos,hd,0,0.054,0.013,0.0,49,,
mr-settodefault,logos,z1,2,1.8,0.759,0.0,200,0.749,0.027
mr-settodefault,logos,z2,2,2.911,1.324,0.0,124,,
mr-settodefault,logos,z4,2,2.411,1.054,0.0,102,,
mr-settodefault,logos,hd,2,0.624,0.282,0.0,185,,
splash-logo,logos,z1,0,0.498,0.303,0.0,192,0.138,0.245
splash-logo,logos,z2,0,0.996,0.507,0.0,168,,
splash-logo,logos,z4,0,1.615,0.739,0.0,210,,
splash-logo,logos,hd,0,0.161,0.07,0.0,178,,
thin-fill-crescent,logos,z1,0,0.083,0.039,0.0,168,0.038,0.0
thin-fill-crescent,logos,z2,0,0.0,0.0,0.0,0,,
thin-fill-crescent,logos,z4,0,0.0,0.0,0.0,0,,
thin-fill-crescent,logos,hd,0,0.03,0.019,0.0,165,,
corpus__pressure__hole-evenodd,pressure,z1,0,0.0,0.0,0.0,0,0.0,0.0
corpus__pressure__hole-evenodd,pressure,z2,0,0.0,0.0,0.0,0,,
corpus__pressure__hole-evenodd,pressure,z4,0,0.0,0.0,0.0,0,,
corpus__pressure__hole-evenodd,pressure,hd,0,0.0,0.0,0.0,0,,
corpus__pressure__hole-nonzero,pressure,z1,0,0.0,0.0,0.0,0,0.0,0.0
corpus__pressure__hole-nonzero,pressure,z2,0,0.0,0.0,0.0,0,,
corpus__pressure__hole-nonzero,pressure,z4,0,0.0,0.0,0.0,0,,
corpus__pressure__hole-nonzero,pressure,hd,0,0.0,0.0,0.0,0,,
corpus__pressure__hole-strip-evenodd,pressure,z1,0,0.0,0.0,0.0,0,0.0,0.0
corpus__pressure__hole-strip-evenodd,pressure,z2,0,0.0,0.0,0.0,0,,
corpus__pressure__hole-strip-evenodd,pressure,z4,0,0.799,0.799,0.0,229,,
corpus__pressure__hole-strip-evenodd,pressure,hd,0,0.062,0.062,0.0,229,,
corpus__pressure__hole-strip-nonzero,pressure,z1,0,0.0,0.0,0.0,0,0.0,0.0
corpus__pressure__hole-strip-nonzero,pressure,z2,0,0.0,0.0,0.0,0,,
corpus__pressure__hole-strip-nonzero,pressure,z4,0,0.799,0.799,0.0,229,,
corpus__pressure__hole-strip-nonzero,pressure,hd,0,0.062,0.062,0.0,229,,
corpus__pressure__wide-masked-shadow,pressure,z1,1,0.438,0.39,0.0,56,0.06,0.328
corpus__pressure__wide-masked-shadow,pressure,z2,1,0.0,0.0,0.0,0,,
corpus__pressure__wide-masked-shadow,pressure,z4,1,0.0,0.0,0.0,0,,
corpus__pressure__wide-masked-shadow,pressure,hd,1,0.228,0.079,0.0052,96,,
corpus__probes__bigblur,probes,z1,4,0.043,0.0,0.0,11,0.0,0.0
corpus__probes__bigblur,probes,z2,4,1.911,0.0,0.0,14,,
corpus__probes__bigblur,probes,z4,4,91.387,65.953,62.0477,116,,
corpus__probes__bigblur,probes,hd,4,30.418,23.228,22.4847,160,,
corpus__probes__obb-subregion-rotated,probes,z1,0,1.577,1.569,1.3144,174,1.566,0.109
corpus__probes__obb-subregion-rotated,probes,z2,0,6.162,6.145,5.6304,174,,
corpus__probes__obb-subregion-rotated,probes,z4,0,24.363,24.331,23.2943,174,,
corpus__probes__obb-subregion-rotated,probes,hd,0,2.553,2.551,2.4701,174,,
corpus__probes__obb-subregion-skewed,probes,z1,0,2.033,1.977,1.2826,174,1.526,0.487
corpus__probes__obb-subregion-skewed,probes,z2,0,6.942,6.667,5.6681,174,,
corpus__probes__obb-subregion-skewed,probes,z4,0,25.26,25.214,23.3679,174,,
corpus__probes__obb-subregion-skewed,probes,hd,0,2.67,2.632,2.4756,174,,
corpus__probes__raster-demo-screenshot,probes,z1,0,1.787,0.339,0.0,90,1.099,1.416
corpus__probes__raster-demo-screenshot,probes,z2,0,2.917,1.001,0.0,131,,
corpus__probes__raster-demo-screenshot,probes,z4,0,0.037,0.0,0.0,13,,
corpus__probes__raster-demo-screenshot,probes,hd,0,0.15,0.01,0.0,42,,
corpus__probes__usou-subregion-rotated,probes,z1,0,1.577,1.569,1.3144,174,1.566,0.109
corpus__probes__usou-subregion-rotated,probes,z2,0,6.162,6.145,5.6304,174,,
corpus__probes__usou-subregion-rotated,probes,z4,0,24.363,24.331,23.2943,174,,
corpus__probes__usou-subregion-rotated,probes,hd,0,2.553,2.551,2.4701,174,,
corpus__banner,reductions,z1,12,0.507,0.452,0.112,246,0.455,0.023
corpus__banner,reductions,z2,12,0.013,0.009,0.0,50,,
corpus__banner,reductions,z4,12,0.0,0.0,0.0,0,,
corpus__banner,reductions,hd,12,0.085,0.054,0.0,198,,
corpus__ember,reductions,z1,29,1.732,0.702,0.0,157,0.694,0.016
corpus__ember,reductions,z2,29,2.066,0.732,0.0,164,,
corpus__ember,reductions,z4,29,1.242,0.431,0.0,169,,
corpus__ember,reductions,hd,29,0.489,0.2,0.0,151,,
corpus__mask-luminance-radial-transform,reductions,z1,3,0.0,0.0,0.0,3,0.0,0.0
corpus__mask-luminance-radial-transform,reductions,z2,3,0.0,0.0,0.0,4,,
corpus__mask-luminance-radial-transform,reductions,z4,3,0.0,0.0,0.0,4,,
corpus__mask-luminance-radial-transform,reductions,hd,3,0.0,0.0,0.0,4,,
corpus__mask-nested-origin-reduction,reductions,z1,2,0.232,0.126,0.0,102,0.128,0.0
corpus__mask-nested-origin-reduction,reductions,z2,2,0.38,0.142,0.0,67,,
corpus__mask-nested-origin-reduction,reductions,z4,2,0.374,0.226,0.0,106,,
corpus__mask-nested-origin-reduction,reductions,hd,2,0.075,0.047,0.0,132,,
corpus__shadow-offcanvas-reduction,reductions,z1,1,0.0,0.0,0.0,5,0.0,0.0
corpus__shadow-offcanvas-reduction,reductions,z2,1,0.0,0.0,0.0,2,,
corpus__shadow-offcanvas-reduction,reductions,z4,1,0.0,0.0,0.0,0,,
corpus__shadow-offcanvas-reduction,reductions,hd,1,0.016,0.0,0.0,15,,
corpus__svsdeid,reductions,z1,2,1.21,0.333,0.0,62,0.285,0.193
corpus__svsdeid,reductions,z2,2,1.867,0.48,0.0,66,,
corpus__svsdeid,reductions,z4,2,1.34,0.446,0.0,53,,
corpus__svsdeid,reductions,hd,2,0.304,0.058,0.0,76,,
corpus__winding-overflow,reductions,z1,0,2.415,2.415,1.9331,225,2.415,0.0
corpus__winding-overflow,reductions,z2,0,6.978,6.978,6.1254,225,,
corpus__winding-overflow,reductions,z4,0,17.042,17.042,16.0953,225,,
corpus__winding-overflow,reductions,hd,0,4.417,4.417,4.2535,225,,
corpus__zero-area-fill,reductions,z1,2,0.0,0.0,0.0,1,0.0,0.0
corpus__zero-area-fill,reductions,z2,2,0.0,0.0,0.0,1,,
corpus__zero-area-fill,reductions,z4,2,0.0,0.0,0.0,1,,
corpus__zero-area-fill,reductions,hd,2,0.0,0.0,0.0,1,,
corpus__resvg-feblend__empty,resvg-feblend,z1,0,0.007,0.007,0.0,65,0.007,0.0
corpus__resvg-feblend__empty,resvg-feblend,z2,0,0.0,0.0,0.0,1,,
corpus__resvg-feblend__empty,resvg-feblend,z4,0,0.0,0.0,0.0,1,,
corpus__resvg-feblend__empty,resvg-feblend,hd,0,0.0,0.0,0.0,55,,
corpus__resvg-feblend__mode=color-burn,resvg-feblend,z1,1,0.007,0.007,0.0,65,0.007,0.0
corpus__resvg-feblend__mode=color-burn,resvg-feblend,z2,1,0.0,0.0,0.0,0,,
corpus__resvg-feblend__mode=color-burn,resvg-feblend,z4,1,0.0,0.0,0.0,0,,
corpus__resvg-feblend__mode=color-burn,resvg-feblend,hd,1,0.0,0.0,0.0,55,,
corpus__resvg-feblend__mode=darken,resvg-feblend,z1,1,0.007,0.007,0.0,65,0.007,0.0
corpus__resvg-feblend__mode=darken,resvg-feblend,z2,1,0.0,0.0,0.0,0,,
corpus__resvg-feblend__mode=darken,resvg-feblend,z4,1,0.0,0.0,0.0,0,,
corpus__resvg-feblend__mode=darken,resvg-feblend,hd,1,0.0,0.0,0.0,55,,
corpus__resvg-feblend__mode=hue,resvg-feblend,z1,1,0.007,0.007,0.0,65,0.007,0.0
corpus__resvg-feblend__mode=hue,resvg-feblend,z2,1,0.0,0.0,0.0,0,,
corpus__resvg-feblend__mode=hue,resvg-feblend,z4,1,0.0,0.0,0.0,0,,
corpus__resvg-feblend__mode=hue,resvg-feblend,hd,1,0.0,0.0,0.0,55,,
corpus__resvg-feblend__mode=lighten,resvg-feblend,z1,1,0.007,0.007,0.0,65,0.007,0.0
corpus__resvg-feblend__mode=lighten,resvg-feblend,z2,1,0.0,0.0,0.0,0,,
corpus__resvg-feblend__mode=lighten,resvg-feblend,z4,1,0.0,0.0,0.0,0,,
corpus__resvg-feblend__mode=lighten,resvg-feblend,hd,1,0.0,0.0,0.0,55,,
corpus__resvg-feblend__mode=multiply,resvg-feblend,z1,1,0.007,0.007,0.0,65,0.007,0.0
corpus__resvg-feblend__mode=multiply,resvg-feblend,z2,1,0.0,0.0,0.0,0,,
corpus__resvg-feblend__mode=multiply,resvg-feblend,z4,1,0.0,0.0,0.0,0,,
corpus__resvg-feblend__mode=multiply,resvg-feblend,hd,1,0.0,0.0,0.0,55,,
corpus__resvg-feblend__mode=normal,resvg-feblend,z1,1,0.007,0.007,0.0,65,0.007,0.0
corpus__resvg-feblend__mode=normal,resvg-feblend,z2,1,0.0,0.0,0.0,0,,
corpus__resvg-feblend__mode=normal,resvg-feblend,z4,1,0.0,0.0,0.0,0,,
corpus__resvg-feblend__mode=normal,resvg-feblend,hd,1,0.0,0.0,0.0,55,,
corpus__resvg-feblend__mode=screen,resvg-feblend,z1,1,0.007,0.007,0.0,65,0.007,0.0
corpus__resvg-feblend__mode=screen,resvg-feblend,z2,1,0.0,0.0,0.0,0,,
corpus__resvg-feblend__mode=screen,resvg-feblend,z4,1,0.0,0.0,0.0,0,,
corpus__resvg-feblend__mode=screen,resvg-feblend,hd,1,0.0,0.0,0.0,55,,
corpus__resvg-feblend__with-subregion-on-input-1,resvg-feblend,z1,1,0.007,0.007,0.0,65,0.007,0.0
corpus__resvg-feblend__with-subregion-on-input-1,resvg-feblend,z2,1,0.0,0.0,0.0,0,,
corpus__resvg-feblend__with-subregion-on-input-1,resvg-feblend,z4,1,0.0,0.0,0.0,0,,
corpus__resvg-feblend__with-subregion-on-input-1,resvg-feblend,hd,1,0.0,0.0,0.0,55,,
corpus__resvg-feblend__with-subregion-on-input-2,resvg-feblend,z1,1,0.007,0.007,0.0,65,0.007,0.0
corpus__resvg-feblend__with-subregion-on-input-2,resvg-feblend,z2,1,0.0,0.0,0.0,0,,
corpus__resvg-feblend__with-subregion-on-input-2,resvg-feblend,z4,1,0.0,0.0,0.0,0,,
corpus__resvg-feblend__with-subregion-on-input-2,resvg-feblend,hd,1,0.0,0.0,0.0,55,,
corpus__resvg-mix-blend__as-property,resvg-mix-blend,z1,0,0.007,0.007,0.0,65,0.007,0.0
corpus__resvg-mix-blend__as-property,resvg-mix-blend,z2,0,0.0,0.0,0.0,1,,
corpus__resvg-mix-blend__as-property,resvg-mix-blend,z4,0,0.0,0.0,0.0,1,,
corpus__resvg-mix-blend__as-property,resvg-mix-blend,hd,0,0.0,0.0,0.0,55,,
corpus__resvg-mix-blend__color,resvg-mix-blend,z1,1,0.007,0.007,0.0,65,3.686,3.679
corpus__resvg-mix-blend__color,resvg-mix-blend,z2,1,0.0,0.0,0.0,1,,
corpus__resvg-mix-blend__color,resvg-mix-blend,z4,1,0.0,0.0,0.0,1,,
corpus__resvg-mix-blend__color,resvg-mix-blend,hd,1,0.0,0.0,0.0,55,,
corpus__resvg-mix-blend__color-burn,resvg-mix-blend,z1,1,0.007,0.007,0.0,65,3.686,3.679
corpus__resvg-mix-blend__color-burn,resvg-mix-blend,z2,1,0.0,0.0,0.0,1,,
corpus__resvg-mix-blend__color-burn,resvg-mix-blend,z4,1,0.0,0.0,0.0,1,,
corpus__resvg-mix-blend__color-burn,resvg-mix-blend,hd,1,0.0,0.0,0.0,55,,
corpus__resvg-mix-blend__color-dodge,resvg-mix-blend,z1,1,0.007,0.007,0.0,65,3.686,3.679
corpus__resvg-mix-blend__color-dodge,resvg-mix-blend,z2,1,0.0,0.0,0.0,0,,
corpus__resvg-mix-blend__color-dodge,resvg-mix-blend,z4,1,0.0,0.0,0.0,0,,
corpus__resvg-mix-blend__color-dodge,resvg-mix-blend,hd,1,0.0,0.0,0.0,55,,
corpus__resvg-mix-blend__darken,resvg-mix-blend,z1,1,0.007,0.007,0.0,65,0.007,0.0
corpus__resvg-mix-blend__darken,resvg-mix-blend,z2,1,0.0,0.0,0.0,1,,
corpus__resvg-mix-blend__darken,resvg-mix-blend,z4,1,0.0,0.0,0.0,0,,
corpus__resvg-mix-blend__darken,resvg-mix-blend,hd,1,0.0,0.0,0.0,55,,
corpus__resvg-mix-blend__difference,resvg-mix-blend,z1,1,0.007,0.007,0.0,65,4.171,4.164
corpus__resvg-mix-blend__difference,resvg-mix-blend,z2,1,0.0,0.0,0.0,1,,
corpus__resvg-mix-blend__difference,resvg-mix-blend,z4,1,0.0,0.0,0.0,1,,
corpus__resvg-mix-blend__difference,resvg-mix-blend,hd,1,0.0,0.0,0.0,55,,
corpus__resvg-mix-blend__exclusion,resvg-mix-blend,z1,1,0.007,0.007,0.0,65,4.171,4.164
corpus__resvg-mix-blend__exclusion,resvg-mix-blend,z2,1,0.0,0.0,0.0,1,,
corpus__resvg-mix-blend__exclusion,resvg-mix-blend,z4,1,0.0,0.0,0.0,1,,
corpus__resvg-mix-blend__exclusion,resvg-mix-blend,hd,1,0.0,0.0,0.0,55,,
corpus__resvg-mix-blend__filter-multiple-primitives-4,resvg-mix-blend,z1,1,0.007,0.007,0.0,65,0.007,0.0
corpus__resvg-mix-blend__filter-multiple-primitives-4,resvg-mix-blend,z2,1,0.0,0.0,0.0,4,,
corpus__resvg-mix-blend__filter-multiple-primitives-4,resvg-mix-blend,z4,1,0.0,0.0,0.0,0,,
corpus__resvg-mix-blend__filter-multiple-primitives-4,resvg-mix-blend,hd,1,0.0,0.0,0.0,55,,
corpus__resvg-mix-blend__hard-light,resvg-mix-blend,z1,1,0.007,0.007,0.0,65,2.276,2.274
corpus__resvg-mix-blend__hard-light,resvg-mix-blend,z2,1,0.0,0.0,0.0,2,,
corpus__resvg-mix-blend__hard-light,resvg-mix-blend,z4,1,0.0,0.0,0.0,2,,
corpus__resvg-mix-blend__hard-light,resvg-mix-blend,hd,1,0.0,0.0,0.0,55,,
corpus__resvg-mix-blend__hue,resvg-mix-blend,z1,1,0.007,0.007,0.0,65,3.686,3.679
corpus__resvg-mix-blend__hue,resvg-mix-blend,z2,1,0.0,0.0,0.0,4,,
corpus__resvg-mix-blend__hue,resvg-mix-blend,z4,1,0.0,0.0,0.0,5,,
corpus__resvg-mix-blend__hue,resvg-mix-blend,hd,1,0.0,0.0,0.0,55,,
corpus__resvg-mix-blend__isolation-as-property,resvg-mix-blend,z1,1,0.007,0.007,0.0,65,14.622,14.615
corpus__resvg-mix-blend__isolation-as-property,resvg-mix-blend,z2,1,0.0,0.0,0.0,1,,
corpus__resvg-mix-blend__isolation-as-property,resvg-mix-blend,z4,1,0.0,0.0,0.0,1,,
corpus__resvg-mix-blend__isolation-as-property,resvg-mix-blend,hd,1,0.0,0.0,0.0,55,,
corpus__resvg-mix-blend__isolation-isolate,resvg-mix-blend,z1,2,0.007,0.007,0.0,65,0.007,0.0
corpus__resvg-mix-blend__isolation-isolate,resvg-mix-blend,z2,2,0.0,0.0,0.0,1,,
corpus__resvg-mix-blend__isolation-isolate,resvg-mix-blend,z4,2,0.0,0.0,0.0,1,,
corpus__resvg-mix-blend__isolation-isolate,resvg-mix-blend,hd,2,0.0,0.0,0.0,55,,
corpus__resvg-mix-blend__lighten,resvg-mix-blend,z1,1,0.007,0.007,0.0,65,3.686,3.679
corpus__resvg-mix-blend__lighten,resvg-mix-blend,z2,1,0.0,0.0,0.0,1,,
corpus__resvg-mix-blend__lighten,resvg-mix-blend,z4,1,0.0,0.0,0.0,1,,
corpus__resvg-mix-blend__lighten,resvg-mix-blend,hd,1,0.0,0.0,0.0,55,,
corpus__resvg-mix-blend__luminosity,resvg-mix-blend,z1,1,0.007,0.007,0.0,65,3.635,3.633
corpus__resvg-mix-blend__luminosity,resvg-mix-blend,z2,1,0.0,0.0,0.0,3,,
corpus__resvg-mix-blend__luminosity,resvg-mix-blend,z4,1,0.0,0.0,0.0,3,,
corpus__resvg-mix-blend__luminosity,resvg-mix-blend,hd,1,0.0,0.0,0.0,55,,
corpus__resvg-mix-blend__multiply,resvg-mix-blend,z1,1,0.007,0.007,0.0,65,0.007,0.0
corpus__resvg-mix-blend__multiply,resvg-mix-blend,z2,1,0.0,0.0,0.0,1,,
corpus__resvg-mix-blend__multiply,resvg-mix-blend,z4,1,0.0,0.0,0.0,1,,
corpus__resvg-mix-blend__multiply,resvg-mix-blend,hd,1,0.0,0.0,0.0,55,,
corpus__resvg-mix-blend__normal,resvg-mix-blend,z1,0,0.007,0.007,0.0,65,0.007,0.0
corpus__resvg-mix-blend__normal,resvg-mix-blend,z2,0,0.0,0.0,0.0,1,,
corpus__resvg-mix-blend__normal,resvg-mix-blend,z4,0,0.0,0.0,0.0,1,,
corpus__resvg-mix-blend__normal,resvg-mix-blend,hd,0,0.0,0.0,0.0,55,,
corpus__resvg-mix-blend__opacity-on-element,resvg-mix-blend,z1,1,0.007,0.007,0.0,65,3.406,3.411
corpus__resvg-mix-blend__opacity-on-element,resvg-mix-blend,z2,1,0.0,0.0,0.0,1,,
corpus__resvg-mix-blend__opacity-on-element,resvg-mix-blend,z4,1,0.0,0.0,0.0,1,,
corpus__resvg-mix-blend__opacity-on-element,resvg-mix-blend,hd,1,0.0,0.0,0.0,55,,
corpus__resvg-mix-blend__opacity-on-group,resvg-mix-blend,z1,2,0.007,0.007,0.0,65,0.007,0.0
corpus__resvg-mix-blend__opacity-on-group,resvg-mix-blend,z2,2,0.0,0.0,0.0,2,,
corpus__resvg-mix-blend__opacity-on-group,resvg-mix-blend,z4,2,0.0,0.0,0.0,1,,
corpus__resvg-mix-blend__opacity-on-group,resvg-mix-blend,hd,2,0.0,0.0,0.0,55,,
corpus__resvg-mix-blend__overlay,resvg-mix-blend,z1,1,0.007,0.007,0.0,65,3.686,3.679
corpus__resvg-mix-blend__overlay,resvg-mix-blend,z2,1,0.0,0.0,0.0,1,,
corpus__resvg-mix-blend__overlay,resvg-mix-blend,z4,1,0.0,0.0,0.0,1,,
corpus__resvg-mix-blend__overlay,resvg-mix-blend,hd,1,0.0,0.0,0.0,55,,
corpus__resvg-mix-blend__saturation,resvg-mix-blend,z1,1,0.007,0.007,0.0,65,3.686,3.679
corpus__resvg-mix-blend__saturation,resvg-mix-blend,z2,1,0.0,0.0,0.0,1,,
corpus__resvg-mix-blend__saturation,resvg-mix-blend,z4,1,0.0,0.0,0.0,1,,
corpus__resvg-mix-blend__saturation,resvg-mix-blend,hd,1,0.0,0.0,0.0,55,,
corpus__resvg-mix-blend__screen,resvg-mix-blend,z1,1,0.007,0.007,0.0,65,3.686,3.679
corpus__resvg-mix-blend__screen,resvg-mix-blend,z2,1,0.0,0.0,0.0,1,,
corpus__resvg-mix-blend__screen,resvg-mix-blend,z4,1,0.0,0.0,0.0,1,,
corpus__resvg-mix-blend__screen,resvg-mix-blend,hd,1,0.0,0.0,0.0,55,,
corpus__resvg-mix-blend__soft-light,resvg-mix-blend,z1,1,0.007,0.007,0.0,65,3.686,3.679
corpus__resvg-mix-blend__soft-light,resvg-mix-blend,z2,1,0.0,0.0,0.0,1,,
corpus__resvg-mix-blend__soft-light,resvg-mix-blend,z4,1,0.0,0.0,0.0,1,,
corpus__resvg-mix-blend__soft-light,resvg-mix-blend,hd,1,0.0,0.0,0.0,55,,
corpus__resvg-mix-blend__xor,resvg-mix-blend,z1,0,0.007,0.007,0.0,65,0.007,0.0
corpus__resvg-mix-blend__xor,resvg-mix-blend,z2,0,0.0,0.0,0.0,1,,
corpus__resvg-mix-blend__xor,resvg-mix-blend,z4,0,0.0,0.0,0.0,1,,
corpus__resvg-mix-blend__xor,resvg-mix-blend,hd,0,0.0,0.0,0.0,55,,
corpus__shadow-edges__above-dy0,shadow-edges,z1,1,0.0,0.0,0.0,1,0.0,0.0
corpus__shadow-edges__above-dy0,shadow-edges,z2,1,0.0,0.0,0.0,0,,
corpus__shadow-edges__above-dy0,shadow-edges,z4,1,0.0,0.0,0.0,0,,
corpus__shadow-edges__above-dy0,shadow-edges,hd,1,0.0,0.0,0.0,1,,
corpus__shadow-edges__above-dy16,shadow-edges,z1,1,0.0,0.0,0.0,4,0.0,0.0
corpus__shadow-edges__above-dy16,shadow-edges,z2,1,0.0,0.0,0.0,0,,
corpus__shadow-edges__above-dy16,shadow-edges,z4,1,0.0,0.0,0.0,0,,
corpus__shadow-edges__above-dy16,shadow-edges,hd,1,0.0,0.0,0.0,2,,
corpus__shadow-edges__beyond-bottom,shadow-edges,z1,1,0.0,0.0,0.0,5,0.0,0.0
corpus__shadow-edges__beyond-bottom,shadow-edges,z2,1,0.0,0.0,0.0,0,,
corpus__shadow-edges__beyond-bottom,shadow-edges,z4,1,0.0,0.0,0.0,0,,
corpus__shadow-edges__beyond-bottom,shadow-edges,hd,1,0.0,0.0,0.0,2,,
corpus__shadow-edges__beyond-right,shadow-edges,z1,1,0.0,0.0,0.0,5,0.0,0.0
corpus__shadow-edges__beyond-right,shadow-edges,z2,1,0.0,0.0,0.0,2,,
corpus__shadow-edges__beyond-right,shadow-edges,z4,1,0.0,0.0,0.0,0,,
corpus__shadow-edges__beyond-right,shadow-edges,hd,1,0.0,0.0,0.0,3,,
corpus__shadow-edges__crossing-top,shadow-edges,z1,1,0.0,0.0,0.0,5,0.0,0.0
corpus__shadow-edges__crossing-top,shadow-edges,z2,1,0.0,0.0,0.0,2,,
corpus__shadow-edges__crossing-top,shadow-edges,z4,1,0.0,0.0,0.0,0,,
corpus__shadow-edges__crossing-top,shadow-edges,hd,1,0.016,0.0,0.0,15,,
corpus__shadow-edges__left-dx16,shadow-edges,z1,1,0.0,0.0,0.0,5,0.0,0.0
corpus__shadow-edges__left-dx16,shadow-edges,z2,1,0.0,0.0,0.0,2,,
corpus__shadow-edges__left-dx16,shadow-edges,z4,1,0.0,0.0,0.0,0,,
corpus__shadow-edges__left-dx16,shadow-edges,hd,1,0.0,0.0,0.0,3,,
svgenius__page_103_华为云服务图标_43259_icon_264,svgenius,z1,0,0.795,0.337,0.0,86,0.338,0.003
svgenius__page_103_华为云服务图标_43259_icon_264,svgenius,z2,0,0.999,0.463,0.0,72,,
svgenius__page_103_华为云服务图标_43259_icon_264,svgenius,z4,0,1.046,0.472,0.0,91,,
svgenius__page_103_华为云服务图标_43259_icon_264,svgenius,hd,0,0.26,0.123,0.0,91,,
svgenius__page_108_小假哥_生活_icon093_42788_icon_38,svgenius,z1,0,1.068,0.27,0.0,66,0.287,0.011
svgenius__page_108_小假哥_生活_icon093_42788_icon_38,svgenius,z2,0,2.076,0.665,0.0,62,,
svgenius__page_108_小假哥_生活_icon093_42788_icon_38,svgenius,z4,0,1.453,0.464,0.0,61,,
svgenius__page_108_小假哥_生活_icon093_42788_icon_38,svgenius,hd,0,0.374,0.119,0.0,65,,
svgenius__page_109_小假哥_填充_icon080_42758_icon_7,svgenius,z1,0,0.495,0.164,0.0,70,0.161,0.002
svgenius__page_109_小假哥_填充_icon080_42758_icon_7,svgenius,z2,0,0.959,0.239,0.0,53,,
svgenius__page_109_小假哥_填充_icon080_42758_icon_7,svgenius,z4,0,0.661,0.225,0.0,51,,
svgenius__page_109_小假哥_填充_icon080_42758_icon_7,svgenius,hd,0,0.186,0.069,0.0,80,,
svgenius__page_10_06-植物icon_49104_icon_16,svgenius,z1,0,0.513,0.129,0.0,63,0.164,0.104
svgenius__page_10_06-植物icon_49104_icon_16,svgenius,z2,0,0.787,0.223,0.0,72,,
svgenius__page_10_06-植物icon_49104_icon_16,svgenius,z4,0,0.769,0.221,0.0,74,,
svgenius__page_10_06-植物icon_49104_icon_16,svgenius,hd,0,0.22,0.079,0.0,89,,
svgenius__page_10_安全_49029_icon_19,svgenius,z1,4,0.033,0.0,0.0,18,0.0,0.0
svgenius__page_10_安全_49029_icon_19,svgenius,z2,4,0.048,0.0,0.0,18,,
svgenius__page_10_安全_49029_icon_19,svgenius,z4,4,0.018,0.0,0.0,16,,
svgenius__page_10_安全_49029_icon_19,svgenius,hd,4,0.01,0.0,0.0,18,,
svgenius__page_10_旅行旅游景点_48951_icon_5,svgenius,z1,1,0.349,0.134,0.0,52,0.135,0.005
svgenius__page_10_旅行旅游景点_48951_icon_5,svgenius,z2,1,0.47,0.156,0.0,47,,
svgenius__page_10_旅行旅游景点_48951_icon_5,svgenius,z4,1,0.357,0.089,0.0,54,,
svgenius__page_10_旅行旅游景点_48951_icon_5,svgenius,hd,1,0.111,0.035,0.0,70,,
svgenius__page_110_data_42683_icon_8,svgenius,z1,0,1.198,0.517,0.0,67,0.523,0.011
svgenius__page_110_data_42683_icon_8,svgenius,z2,0,1.241,0.237,0.0,53,,
svgenius__page_110_data_42683_icon_8,svgenius,z4,0,0.817,0.143,0.0,61,,
svgenius__page_110_data_42683_icon_8,svgenius,hd,0,0.363,0.138,0.0,83,,
svgenius__page_118_千络文旅小程序_41954_icon_68,svgenius,z1,0,0.758,0.057,0.0,52,0.063,0.035
svgenius__page_118_千络文旅小程序_41954_icon_68,svgenius,z2,0,0.962,0.061,0.0,49,,
svgenius__page_118_千络文旅小程序_41954_icon_68,svgenius,z4,0,0.607,0.0,0.0,19,,
svgenius__page_118_千络文旅小程序_41954_icon_68,svgenius,hd,0,0.059,0.01,0.0,61,,
svgenius__page_11_肖像_48949_icon_2,svgenius,z1,7,0.062,0.003,0.0,30,0.003,0.0
svgenius__page_11_肖像_48949_icon_2,svgenius,z2,7,0.091,0.002,0.0,27,,
svgenius__page_11_肖像_48949_icon_2,svgenius,z4,7,0.1,0.001,0.0,21,,
svgenius__page_11_肖像_48949_icon_2,svgenius,hd,7,0.029,0.0,0.0,23,,
svgenius__page_11_酷趣创易_美食_icon086_48856_icon_8,svgenius,z1,0,1.104,0.453,0.0,93,0.422,0.176
svgenius__page_11_酷趣创易_美食_icon086_48856_icon_8,svgenius,z2,0,1.753,0.544,0.0,87,,
svgenius__page_11_酷趣创易_美食_icon086_48856_icon_8,svgenius,z4,0,1.508,0.413,0.0,75,,
svgenius__page_11_酷趣创易_美食_icon086_48856_icon_8,svgenius,hd,0,0.404,0.167,0.0,89,,
svgenius__page_120_明德-免疫线图标库_41623_icon_43,svgenius,z1,0,0.04,0.008,0.0,24,0.014,0.008
svgenius__page_120_明德-免疫线图标库_41623_icon_43,svgenius,z2,0,0.095,0.033,0.0,33,,
svgenius__page_120_明德-免疫线图标库_41623_icon_43,svgenius,z4,0,0.044,0.009,0.0,43,,
svgenius__page_120_明德-免疫线图标库_41623_icon_43,svgenius,hd,0,0.014,0.003,0.0,36,,
svgenius__page_124_rcd_40692_icon_74,svgenius,z1,0,0.439,0.069,0.0,44,0.156,0.17
svgenius__page_124_rcd_40692_icon_74,svgenius,z2,0,0.727,0.131,0.0,42,,
svgenius__page_124_rcd_40692_icon_74,svgenius,z4,0,0.471,0.089,0.0,35,,
svgenius__page_124_rcd_40692_icon_74,svgenius,hd,0,0.209,0.061,0.0,55,,
svgenius__page_126_图形平台_40462_icon_6,svgenius,z1,0,1.051,0.384,0.0,65,0.403,0.017
svgenius__page_126_图形平台_40462_icon_6,svgenius,z2,0,1.275,0.461,0.0,101,,
svgenius__page_126_图形平台_40462_icon_6,svgenius,z4,0,0.952,0.366,0.0,64,,
svgenius__page_126_图形平台_40462_icon_6,svgenius,hd,0,0.324,0.133,0.0,83,,
svgenius__page_126_广州智讯图标库_40434_icon_201,svgenius,z1,0,0.548,0.1,0.0,102,0.1,0.015
svgenius__page_126_广州智讯图标库_40434_icon_201,svgenius,z2,0,1.039,0.614,0.0,69,,
svgenius__page_126_广州智讯图标库_40434_icon_201,svgenius,z4,0,0.439,0.028,0.0,102,,
svgenius__page_126_广州智讯图标库_40434_icon_201,svgenius,hd,0,0.11,0.062,0.0,77,,
svgenius__page_12_ERP系统_48797_icon_32,svgenius,z1,0,0.322,0.19,0.0,76,0.156,0.079
svgenius__page_12_ERP系统_48797_icon_32,svgenius,z2,0,0.425,0.056,0.0,52,,
svgenius__page_12_ERP系统_48797_icon_32,svgenius,z4,0,0.278,0.031,0.0,48,,
svgenius__page_12_ERP系统_48797_icon_32,svgenius,hd,0,0.1,0.022,0.0,60,,
svgenius__page_12_军工武器装备_48819_icon_5,svgenius,z1,4,0.501,0.121,0.0,110,0.124,0.0
svgenius__page_12_军工武器装备_48819_icon_5,svgenius,z2,4,0.697,0.143,0.0,72,,
svgenius__page_12_军工武器装备_48819_icon_5,svgenius,z4,4,0.21,0.045,0.0,74,,
svgenius__page_12_军工武器装备_48819_icon_5,svgenius,hd,4,0.138,0.027,0.0,138,,
svgenius__page_12_教育学习_48779_icon_17,svgenius,z1,8,0.305,0.029,0.0,47,0.022,0.01
svgenius__page_12_教育学习_48779_icon_17,svgenius,z2,8,0.161,0.001,0.0,23,,
svgenius__page_12_教育学习_48779_icon_17,svgenius,z4,8,0.064,0.0,0.0,14,,
svgenius__page_12_教育学习_48779_icon_17,svgenius,hd,8,0.086,0.001,0.0,32,,
svgenius__page_130_滑雪器材__40130_icon_20,svgenius,z1,0,0.583,0.255,0.0,97,0.25,0.007
svgenius__page_130_滑雪器材__40130_icon_20,svgenius,z2,0,1.135,0.366,0.0,136,,
svgenius__page_130_滑雪器材__40130_icon_20,svgenius,z4,0,0.137,0.036,0.0,55,,
svgenius__page_130_滑雪器材__40130_icon_20,svgenius,hd,0,0.174,0.061,0.0,117,,
svgenius__page_132_商务_符号_标签_39829_icon_40,svgenius,z1,0,0.717,0.296,0.0,97,0.22,0.412
svgenius__page_132_商务_符号_标签_39829_icon_40,svgenius,z2,0,0.826,0.143,0.0,42,,
svgenius__page_132_商务_符号_标签_39829_icon_40,svgenius,z4,0,0.353,0.048,0.0,107,,
svgenius__page_132_商务_符号_标签_39829_icon_40,svgenius,hd,0,0.188,0.048,0.0,102,,
svgenius__page_133_常用基础icon图标_39748_icon_104,svgenius,z1,0,0.479,0.172,0.0,53,0.171,0.0
svgenius__page_133_常用基础icon图标_39748_icon_104,svgenius,z2,0,0.616,0.209,0.0,70,,
svgenius__page_133_常用基础icon图标_39748_icon_104,svgenius,z4,0,0.685,0.527,0.0,62,,
svgenius__page_133_常用基础icon图标_39748_icon_104,svgenius,hd,0,0.173,0.075,0.0,85,,
svgenius__page_135_outline-icon_39349_icon_386,svgenius,z1,0,1.082,0.391,0.0,80,0.427,0.202
svgenius__page_135_outline-icon_39349_icon_386,svgenius,z2,0,1.636,0.567,0.0,88,,
svgenius__page_135_outline-icon_39349_icon_386,svgenius,z4,0,0.731,0.291,0.0,72,,
svgenius__page_135_outline-icon_39349_icon_386,svgenius,hd,0,0.251,0.089,0.0,78,,
svgenius__page_136_商务-线性_39258_icon_22,svgenius,z1,0,0.682,0.309,0.0,70,0.32,0.05
svgenius__page_136_商务-线性_39258_icon_22,svgenius,z2,0,1.39,0.847,0.0,82,,
svgenius__page_136_商务-线性_39258_icon_22,svgenius,z4,0,0.741,0.306,0.0,97,,
svgenius__page_136_商务-线性_39258_icon_22,svgenius,hd,0,0.235,0.116,0.0,174,,
svgenius__page_13_天气-面性_48688_icon_26,svgenius,z1,0,0.268,0.008,0.0,41,0.003,0.003
svgenius__page_13_天气-面性_48688_icon_26,svgenius,z2,0,0.496,0.31,0.0,58,,
svgenius__page_13_天气-面性_48688_icon_26,svgenius,z4,0,0.027,0.0,0.0,17,,
svgenius__page_13_天气-面性_48688_icon_26,svgenius,hd,0,0.031,0.003,0.0,42,,
svgenius__page_13_常见文件类型图标库_48707_icon_15,svgenius,z1,0,0.666,0.385,0.0,64,0.401,0.247
svgenius__page_13_常见文件类型图标库_48707_icon_15,svgenius,z2,0,0.666,0.334,0.0,105,,
svgenius__page_13_常见文件类型图标库_48707_icon_15,svgenius,z4,0,0.461,0.186,0.0,81,,
svgenius__page_13_常见文件类型图标库_48707_icon_15,svgenius,hd,0,0.244,0.156,0.0,220,,
svgenius__page_13_新年_48727_icon_24,svgenius,z1,0,0.776,0.319,0.0,207,0.343,0.132
svgenius__page_13_新年_48727_icon_24,svgenius,z2,0,1.364,0.53,0.0,201,,
svgenius__page_13_新年_48727_icon_24,svgenius,z4,0,0.962,0.327,0.0,167,,
svgenius__page_13_新年_48727_icon_24,svgenius,hd,0,0.202,0.065,0.0,191,,
svgenius__page_143_Awesome-solid_38545_icon_949,svgenius,z1,0,0.426,0.16,0.0,83,0.16,0.0
svgenius__page_143_Awesome-solid_38545_icon_949,svgenius,z2,0,0.61,0.194,0.0,41,,
svgenius__page_143_Awesome-solid_38545_icon_949,svgenius,z4,0,0.599,0.243,0.0,67,,
svgenius__page_143_Awesome-solid_38545_icon_949,svgenius,hd,0,0.136,0.047,0.0,80,,
svgenius__page_14_商务_48561_icon_44,svgenius,z1,8,0.344,0.018,0.0,83,0.019,0.0
svgenius__page_14_商务_48561_icon_44,svgenius,z2,8,0.326,0.017,0.0,38,,
svgenius__page_14_商务_48561_icon_44,svgenius,z4,8,0.156,0.016,0.0,48,,
svgenius__page_14_商务_48561_icon_44,svgenius,hd,8,0.121,0.014,0.0,121,,
svgenius__page_14_数字社区_49928_icon_1,svgenius,z1,0,0.627,0.228,0.0,65,0.242,0.028
svgenius__page_14_数字社区_49928_icon_1,svgenius,z2,0,0.931,0.346,0.0,69,,
svgenius__page_14_数字社区_49928_icon_1,svgenius,z4,0,0.788,0.379,0.0,73,,
svgenius__page_14_数字社区_49928_icon_1,svgenius,hd,0,0.211,0.091,0.0,82,,
svgenius__page_152_ic_常用_基础._014_37530_icon_88,svgenius,z1,0,0.467,0.326,0.0,77,0.322,0.003
svgenius__page_152_ic_常用_基础._014_37530_icon_88,svgenius,z2,0,0.325,0.073,0.0,52,,
svgenius__page_152_ic_常用_基础._014_37530_icon_88,svgenius,z4,0,0.105,0.034,0.0,59,,
svgenius__page_152_ic_常用_基础._014_37530_icon_88,svgenius,hd,0,0.107,0.053,0.0,66,,
svgenius__page_153_大美_37475_icon_25,svgenius,z1,0,0.727,0.13,0.0,53,0.159,0.039
svgenius__page_153_大美_37475_icon_25,svgenius,z2,0,0.892,0.298,0.0,78,,
svgenius__page_153_大美_37475_icon_25,svgenius,z4,0,1.037,0.487,0.0,77,,
svgenius__page_153_大美_37475_icon_25,svgenius,hd,0,0.278,0.099,0.0,94,,
svgenius__page_171_天气_22770_icon_23,svgenius,z1,0,0.201,0.086,0.0,60,0.086,0.0
svgenius__page_171_天气_22770_icon_23,svgenius,z2,0,0.255,0.08,0.0,47,,
svgenius__page_171_天气_22770_icon_23,svgenius,z4,0,0.367,0.231,0.0,72,,
svgenius__page_171_天气_22770_icon_23,svgenius,hd,0,0.071,0.038,0.0,89,,
svgenius__page_172_card_for_keylol_-_forum_22692_icon_15,svgenius,z1,0,0.366,0.125,0.0,76,0.237,0.097
svgenius__page_172_card_for_keylol_-_forum_22692_icon_15,svgenius,z2,0,0.694,0.175,0.0,42,,
svgenius__page_172_card_for_keylol_-_forum_22692_icon_15,svgenius,z4,0,1.097,0.579,0.0,76,,
svgenius__page_172_card_for_keylol_-_forum_22692_icon_15,svgenius,hd,0,0.153,0.078,0.0,94,,
svgenius__page_172_厨房用品_22728_icon_15,svgenius,z1,4,0.949,0.226,0.0,45,0.203,0.023
svgenius__page_172_厨房用品_22728_icon_15,svgenius,z2,4,1.999,0.287,0.0,83,,
svgenius__page_172_厨房用品_22728_icon_15,svgenius,z4,4,1.704,0.386,0.0,46,,
svgenius__page_172_厨房用品_22728_icon_15,svgenius,hd,4,0.332,0.149,0.0,68,,
svgenius__page_172_美食_22745_icon_32,svgenius,z1,0,0.981,0.231,0.0,62,0.285,0.08
svgenius__page_172_美食_22745_icon_32,svgenius,z2,0,2.787,0.991,0.0,76,,
svgenius__page_172_美食_22745_icon_32,svgenius,z4,0,1.949,0.263,0.0,39,,
svgenius__page_172_美食_22745_icon_32,svgenius,hd,0,0.384,0.114,0.0,73,,
svgenius__page_172_高铁站icon绘制_35397_icon_2,svgenius,z1,0,1.227,0.262,0.0,167,0.257,0.006
svgenius__page_172_高铁站icon绘制_35397_icon_2,svgenius,z2,0,2.478,0.409,0.0,91,,
svgenius__page_172_高铁站icon绘制_35397_icon_2,svgenius,z4,0,2.247,0.443,0.0,54,,
svgenius__page_172_高铁站icon绘制_35397_icon_2,svgenius,hd,0,0.378,0.058,0.0,90,,
svgenius__page_173_卡通多色图标_22597_icon_13,svgenius,z1,0,0.522,0.118,0.0,60,0.105,0.081
svgenius__page_173_卡通多色图标_22597_icon_13,svgenius,z2,0,0.663,0.137,0.0,55,,
svgenius__page_173_卡通多色图标_22597_icon_13,svgenius,z4,0,0.425,0.089,0.0,50,,
svgenius__page_173_卡通多色图标_22597_icon_13,svgenius,hd,0,0.175,0.037,0.0,50,,
svgenius__page_173_卡通多色图标_22597_icon_5,svgenius,z1,0,0.625,0.1,0.0,46,0.099,0.0
svgenius__page_173_卡通多色图标_22597_icon_5,svgenius,z2,0,0.591,0.139,0.0,45,,
svgenius__page_173_卡通多色图标_22597_icon_5,svgenius,z4,0,0.455,0.105,0.0,56,,
svgenius__page_173_卡通多色图标_22597_icon_5,svgenius,hd,0,0.196,0.048,0.0,57,,
svgenius__page_173_多色线条企业icon_22659_icon_17,svgenius,z1,0,1.07,0.401,0.0,65,0.418,0.084
svgenius__page_173_多色线条企业icon_22659_icon_17,svgenius,z2,0,1.214,0.501,0.0,84,,
svgenius__page_173_多色线条企业icon_22659_icon_17,svgenius,z4,0,0.983,0.249,0.0,71,,
svgenius__page_173_多色线条企业icon_22659_icon_17,svgenius,hd,0,0.312,0.136,0.0,93,,
svgenius__page_173_多色线条企业icon_22659_icon_44,svgenius,z1,0,1.033,0.523,0.0,81,0.51,0.045
svgenius__page_173_多色线条企业icon_22659_icon_44,svgenius,z2,0,1.325,0.442,0.0,57,,
svgenius__page_173_多色线条企业icon_22659_icon_44,svgenius,z4,0,1.523,0.712,0.0,78,,
svgenius__page_173_多色线条企业icon_22659_icon_44,svgenius,hd,0,0.315,0.134,0.0,87,,
svgenius__page_174_人物_22478_icon_29,svgenius,z1,4,0.677,0.217,0.0,71,0.217,0.0
svgenius__page_174_人物_22478_icon_29,svgenius,z2,4,0.858,0.32,0.0,80,,
svgenius__page_174_人物_22478_icon_29,svgenius,z4,4,1.125,0.548,0.0,93,,
svgenius__page_174_人物_22478_icon_29,svgenius,hd,4,0.166,0.053,0.0,99,,
svgenius__page_175_美妆图标_35309_icon_14,svgenius,z1,0,0.479,0.094,0.0,81,0.093,0.0
svgenius__page_175_美妆图标_35309_icon_14,svgenius,z2,0,0.737,0.192,0.0,54,,
svgenius__page_175_美妆图标_35309_icon_14,svgenius,z4,0,0.598,0.085,0.0,58,,
svgenius__page_175_美妆图标_35309_icon_14,svgenius,hd,0,0.165,0.023,0.0,57,,
svgenius__page_175_蛋糕甜品_22445_icon_22,svgenius,z1,0,0.656,0.232,0.0,67,0.237,0.003
svgenius__page_175_蛋糕甜品_22445_icon_22,svgenius,z2,0,1.011,0.394,0.0,69,,
svgenius__page_175_蛋糕甜品_22445_icon_22,svgenius,z4,0,1.278,0.497,0.0,82,,
svgenius__page_175_蛋糕甜品_22445_icon_22,svgenius,hd,0,0.194,0.082,0.0,94,,
svgenius__page_178_村庄市政设施配色（规划人直接专用）_34903_icon_24,svgenius,z1,0,1.43,0.537,0.0,118,0.532,0.014
svgenius__page_178_村庄市政设施配色（规划人直接专用）_34903_icon_24,svgenius,z2,0,1.615,0.675,0.0,81,,
svgenius__page_178_村庄市政设施配色（规划人直接专用）_34903_icon_24,svgenius,z4,0,0.47,0.084,0.0,50,,
svgenius__page_178_村庄市政设施配色（规划人直接专用）_34903_icon_24,svgenius,hd,0,0.484,0.204,0.0,122,,
svgenius__page_183_线性_34437_icon_19,svgenius,z1,0,0.907,0.365,0.0,96,0.367,0.0
svgenius__page_183_线性_34437_icon_19,svgenius,z2,0,1.442,0.641,0.0,117,,
svgenius__page_183_线性_34437_icon_19,svgenius,z4,0,1.622,0.778,0.0,88,,
svgenius__page_183_线性_34437_icon_19,svgenius,hd,0,0.269,0.106,0.0,93,,
svgenius__page_19_赛博图标_49623_icon_14,svgenius,z1,0,1.023,0.259,0.0,178,0.255,0.198
svgenius__page_19_赛博图标_49623_icon_14,svgenius,z2,0,1.552,0.36,0.0,178,,
svgenius__page_19_赛博图标_49623_icon_14,svgenius,z4,0,0.921,0.231,0.0,175,,
svgenius__page_19_赛博图标_49623_icon_14,svgenius,hd,0,0.353,0.09,0.0,178,,
svgenius__page_200_特步-店铺上新_20843_icon_1,svgenius,z1,0,0.508,0.196,0.0,127,0.195,0.001
svgenius__page_200_特步-店铺上新_20843_icon_1,svgenius,z2,0,0.814,0.29,0.0,73,,
svgenius__page_200_特步-店铺上新_20843_icon_1,svgenius,z4,0,0.661,0.111,0.0,46,,
svgenius__page_200_特步-店铺上新_20843_icon_1,svgenius,hd,0,0.154,0.048,0.0,57,,
svgenius__page_201_复古时尚多彩服饰图标_20831_icon_6,svgenius,z1,0,0.42,0.178,0.0,69,0.198,0.033
svgenius__page_201_复古时尚多彩服饰图标_20831_icon_6,svgenius,z2,0,0.474,0.115,0.0,62,,
svgenius__page_201_复古时尚多彩服饰图标_20831_icon_6,svgenius,z4,0,0.084,0.004,0.0,30,,
svgenius__page_201_复古时尚多彩服饰图标_20831_icon_6,svgenius,hd,0,0.153,0.058,0.0,73,,
svgenius__page_201_铂爵旅拍_为爱焕新_婚庆图标_20821_icon_15,svgenius,z1,0,0.442,0.119,0.0,177,0.12,0.003
svgenius__page_201_铂爵旅拍_为爱焕新_婚庆图标_20821_icon_15,svgenius,z2,0,0.875,0.349,0.0,107,,
svgenius__page_201_铂爵旅拍_为爱焕新_婚庆图标_20821_icon_15,svgenius,z4,0,0.533,0.146,0.0,94,,
svgenius__page_201_铂爵旅拍_为爱焕新_婚庆图标_20821_icon_15,svgenius,hd,0,0.157,0.053,0.0,77,,
svgenius__page_202_ui_32694_icon_16,svgenius,z1,0,0.069,0.028,0.0,47,0.028,0.0
svgenius__page_202_ui_32694_icon_16,svgenius,z2,0,0.141,0.062,0.0,57,,
svgenius__page_202_ui_32694_icon_16,svgenius,z4,0,0.044,0.015,0.0,54,,
svgenius__page_202_ui_32694_icon_16,svgenius,hd,0,0.028,0.014,0.0,71,,
svgenius__page_202_特步_20790_icon_12,svgenius,z1,0,0.2,0.051,0.0,64,0.049,0.002
svgenius__page_202_特步_20790_icon_12,svgenius,z2,0,0.508,0.227,0.0,89,,
svgenius__page_202_特步_20790_icon_12,svgenius,z4,0,0.523,0.123,0.0,51,,
svgenius__page_202_特步_20790_icon_12,svgenius,hd,0,0.063,0.021,0.0,61,,
svgenius__page_202_特步图标库_20817_icon_4,svgenius,z1,0,0.861,0.247,0.0,73,0.234,0.022
svgenius__page_202_特步图标库_20817_icon_4,svgenius,z2,0,1.677,0.48,0.0,75,,
svgenius__page_202_特步图标库_20817_icon_4,svgenius,z4,0,1.591,0.384,0.0,60,,
svgenius__page_202_特步图标库_20817_icon_4,svgenius,hd,0,0.265,0.173,0.0,83,,
svgenius__page_204_全棉时代_20750_icon_6,svgenius,z1,1,0.727,0.13,0.0,49,0.122,0.004
svgenius__page_204_全棉时代_20750_icon_6,svgenius,z2,1,1.391,0.232,0.0,58,,
svgenius__page_204_全棉时代_20750_icon_6,svgenius,z4,1,1.471,0.421,0.0,66,,
svgenius__page_204_全棉时代_20750_icon_6,svgenius,hd,1,0.124,0.04,0.0,74,,
svgenius__page_204_运动系列_20746_icon_16,svgenius,z1,0,0.919,0.374,0.0,254,0.39,0.064
svgenius__page_204_运动系列_20746_icon_16,svgenius,z2,0,2.069,0.948,0.0,248,,
svgenius__page_204_运动系列_20746_icon_16,svgenius,z4,0,1.069,0.479,0.0,239,,
svgenius__page_204_运动系列_20746_icon_16,svgenius,hd,0,0.309,0.13,0.0,248,,
svgenius__page_207_衣服饰品图标_20559_icon_72,svgenius,z1,9,0.387,0.144,0.0,79,0.151,0.004
svgenius__page_207_衣服饰品图标_20559_icon_72,svgenius,z2,9,0.673,0.25,0.0,73,,
svgenius__page_207_衣服饰品图标_20559_icon_72,svgenius,z4,9,0.84,0.329,0.0,82,,
svgenius__page_207_衣服饰品图标_20559_icon_72,svgenius,hd,9,0.107,0.026,0.0,79,,
svgenius__page_208_商家活动页设计大赛图标_20505_icon_15,svgenius,z1,0,0.796,0.214,0.0,46,0.288,0.203
svgenius__page_208_商家活动页设计大赛图标_20505_icon_15,svgenius,z2,0,1.025,0.211,0.0,57,,
svgenius__page_208_商家活动页设计大赛图标_20505_icon_15,svgenius,z4,0,0.236,0.028,0.0,40,,
svgenius__page_208_商家活动页设计大赛图标_20505_icon_15,svgenius,hd,0,0.286,0.089,0.0,61,,
svgenius__page_208_常购商品_20444_icon_4,svgenius,z1,0,1.064,0.352,0.0,69,0.359,0.013
svgenius__page_208_常购商品_20444_icon_4,svgenius,z2,0,1.936,0.651,0.0,72,,
svgenius__page_208_常购商品_20444_icon_4,svgenius,z4,0,1.181,0.412,0.0,75,,
svgenius__page_208_常购商品_20444_icon_4,svgenius,hd,0,0.331,0.112,0.0,76,,
svgenius__page_208_食物多色图标_20440_icon_22,svgenius,z1,0,0.476,0.115,0.0,41,0.115,0.008
svgenius__page_208_食物多色图标_20440_icon_22,svgenius,z2,0,0.44,0.033,0.0,34,,
svgenius__page_208_食物多色图标_20440_icon_22,svgenius,z4,0,0.059,0.0,0.0,15,,
svgenius__page_208_食物多色图标_20440_icon_22,svgenius,hd,0,0.1,0.027,0.0,41,,
svgenius__page_212_线性图标2_31518_icon_12,svgenius,z1,0,0.39,0.007,0.0,35,0.007,0.0
svgenius__page_212_线性图标2_31518_icon_12,svgenius,z2,0,0.166,0.008,0.0,31,,
svgenius__page_212_线性图标2_31518_icon_12,svgenius,z4,0,0.069,0.002,0.0,21,,
svgenius__page_212_线性图标2_31518_icon_12,svgenius,hd,0,0.156,0.006,0.0,34,,
svgenius__page_219_remixicon_2.4.1_30328_icon_569,svgenius,z1,0,0.286,0.209,0.0,52,0.22,0.027
svgenius__page_219_remixicon_2.4.1_30328_icon_569,svgenius,z2,0,0.176,0.067,0.0,68,,
svgenius__page_219_remixicon_2.4.1_30328_icon_569,svgenius,z4,0,0.241,0.098,0.0,52,,
svgenius__page_219_remixicon_2.4.1_30328_icon_569,svgenius,hd,0,0.031,0.006,0.0,71,,
svgenius__page_220_IT软件开发职业_30298_icon_29,svgenius,z1,0,0.855,0.362,0.0,67,0.365,0.0
svgenius__page_220_IT软件开发职业_30298_icon_29,svgenius,z2,0,1.513,0.68,0.0,70,,
svgenius__page_220_IT软件开发职业_30298_icon_29,svgenius,z4,0,1.56,0.598,0.0,61,,
svgenius__page_220_IT软件开发职业_30298_icon_29,svgenius,hd,0,0.365,0.131,0.0,73,,
svgenius__page_227_BI-OS_图表类型_18309_icon_40,svgenius,z1,0,0.001,0.0,0.0,10,0.0,0.0
svgenius__page_227_BI-OS_图表类型_18309_icon_40,svgenius,z2,0,0.031,0.003,0.0,25,,
svgenius__page_227_BI-OS_图表类型_18309_icon_40,svgenius,z4,0,0.0,0.0,0.0,5,,
svgenius__page_227_BI-OS_图表类型_18309_icon_40,svgenius,hd,0,0.0,0.0,0.0,11,,
"svgenius__page_227_商业,事务,金融,财务,扁平_18452_icon_50",svgenius,z1,0,0.586,0.14,0.0,77,0.253,0.162
"svgenius__page_227_商业,事务,金融,财务,扁平_18452_icon_50",svgenius,z2,0,0.912,0.282,0.0,56,,
"svgenius__page_227_商业,事务,金融,财务,扁平_18452_icon_50",svgenius,z4,0,0.807,0.171,0.0,51,,
"svgenius__page_227_商业,事务,金融,财务,扁平_18452_icon_50",svgenius,hd,0,0.188,0.043,0.0,72,,
svgenius__page_228_Mobile_Apps-Flat_Multicolor_18191_icon_10,svgenius,z1,0,0.116,0.032,0.0,32,0.032,0.0
svgenius__page_228_Mobile_Apps-Flat_Multicolor_18191_icon_10,svgenius,z2,0,0.04,0.003,0.0,68,,
svgenius__page_228_Mobile_Apps-Flat_Multicolor_18191_icon_10,svgenius,z4,0,0.0,0.0,0.0,5,,
svgenius__page_228_Mobile_Apps-Flat_Multicolor_18191_icon_10,svgenius,hd,0,0.061,0.04,0.0,88,,
svgenius__page_228_工作圈_18217_icon_12,svgenius,z1,0,0.633,0.247,0.0,206,0.221,0.023
svgenius__page_228_工作圈_18217_icon_12,svgenius,z2,0,0.78,0.351,0.0,197,,
svgenius__page_228_工作圈_18217_icon_12,svgenius,z4,0,0.492,0.072,0.0,141,,
svgenius__page_228_工作圈_18217_icon_12,svgenius,hd,0,0.141,0.029,0.0,188,,
svgenius__page_237_zhiutech_icon_16318_icon_14,svgenius,z1,0,0.544,0.187,0.0,47,0.187,0.0
svgenius__page_237_zhiutech_icon_16318_icon_14,svgenius,z2,0,0.428,0.04,0.0,74,,
svgenius__page_237_zhiutech_icon_16318_icon_14,svgenius,z4,0,0.691,0.013,0.0,35,,
svgenius__page_237_zhiutech_icon_16318_icon_14,svgenius,hd,0,0.212,0.067,0.0,59,,
svgenius__page_238_MBE风格蓝色图标_16269_icon_21,svgenius,z1,0,0.695,0.161,0.0,111,0.162,0.014
svgenius__page_238_MBE风格蓝色图标_16269_icon_21,svgenius,z2,0,1.554,0.737,0.0,66,,
svgenius__page_238_MBE风格蓝色图标_16269_icon_21,svgenius,z4,0,1.261,0.434,0.0,69,,
svgenius__page_238_MBE风格蓝色图标_16269_icon_21,svgenius,hd,0,0.236,0.103,0.0,91,,
svgenius__page_245_情人节七夕节_15460_icon_6,svgenius,z1,0,1.401,0.519,0.0,120,0.518,0.003
svgenius__page_245_情人节七夕节_15460_icon_6,svgenius,z2,0,2.248,1.0,0.0,186,,
svgenius__page_245_情人节七夕节_15460_icon_6,svgenius,z4,0,3.21,1.536,0.0,89,,
svgenius__page_245_情人节七夕节_15460_icon_6,svgenius,hd,0,0.436,0.155,0.0,72,,
svgenius__page_246_System_Icon_27849_icon_445,svgenius,z1,0,0.0,0.0,0.0,3,0.0,0.0
svgenius__page_246_System_Icon_27849_icon_445,svgenius,z2,0,0.0,0.0,0.0,3,,
svgenius__page_246_System_Icon_27849_icon_445,svgenius,z4,0,0.0,0.0,0.0,2,,
svgenius__page_246_System_Icon_27849_icon_445,svgenius,hd,0,0.0,0.0,0.0,3,,
svgenius__page_247_阿里云UI图标库_Supplemental_Icons_27723_icon_199,svgenius,z1,0,0.594,0.302,0.0,89,0.267,0.119
svgenius__page_247_阿里云UI图标库_Supplemental_Icons_27723_icon_199,svgenius,z2,0,1.188,0.424,0.0,77,,
svgenius__page_247_阿里云UI图标库_Supplemental_Icons_27723_icon_199,svgenius,z4,0,0.728,0.097,0.0,58,,
svgenius__page_247_阿里云UI图标库_Supplemental_Icons_27723_icon_199,svgenius,hd,0,0.178,0.071,0.0,88,,
svgenius__page_251_费哲软件IWMS_27516_icon_60,svgenius,z1,0,0.733,0.266,0.0,182,0.255,0.345
svgenius__page_251_费哲软件IWMS_27516_icon_60,svgenius,z2,0,0.99,0.223,0.0,73,,
svgenius__page_251_费哲软件IWMS_27516_icon_60,svgenius,z4,0,0.402,0.047,0.0,53,,
svgenius__page_251_费哲软件IWMS_27516_icon_60,svgenius,hd,0,0.227,0.09,0.0,183,,
svgenius__page_259_CATL_ICON_27028_icon_20,svgenius,z1,1,0.237,0.09,0.0,50,0.059,0.064
svgenius__page_259_CATL_ICON_27028_icon_20,svgenius,z2,1,0.118,0.042,0.0,42,,
svgenius__page_259_CATL_ICON_27028_icon_20,svgenius,z4,1,0.219,0.115,0.0,48,,
svgenius__page_259_CATL_ICON_27028_icon_20,svgenius,hd,1,0.073,0.015,0.0,57,,
svgenius__page_25_单色圆角面性_49216_icon_2392,svgenius,z1,0,0.329,0.12,0.0,53,0.116,0.062
svgenius__page_25_单色圆角面性_49216_icon_2392,svgenius,z2,0,0.365,0.116,0.0,41,,
svgenius__page_25_单色圆角面性_49216_icon_2392,svgenius,z4,0,0.282,0.011,0.0,40,,
svgenius__page_25_单色圆角面性_49216_icon_2392,svgenius,hd,0,0.088,0.022,0.0,67,,
svgenius__page_25_单色圆角面性_49216_icon_754,svgenius,z1,0,0.477,0.193,0.0,63,0.182,0.08
svgenius__page_25_单色圆角面性_49216_icon_754,svgenius,z2,0,0.628,0.222,0.0,64,,
svgenius__page_25_单色圆角面性_49216_icon_754,svgenius,z4,0,0.615,0.262,0.0,71,,
svgenius__page_25_单色圆角面性_49216_icon_754,svgenius,hd,0,0.13,0.058,0.0,83,,
svgenius__page_260_150商业面性_26942_icon_31,svgenius,z1,0,0.857,0.371,0.0,67,0.358,0.008
svgenius__page_260_150商业面性_26942_icon_31,svgenius,z2,0,1.298,0.658,0.0,76,,
svgenius__page_260_150商业面性_26942_icon_31,svgenius,z4,0,0.385,0.0,0.0,20,,
svgenius__page_260_150商业面性_26942_icon_31,svgenius,hd,0,0.153,0.041,0.0,84,,
svgenius__page_264_基础图标_26666_icon_139,svgenius,z1,0,0.695,0.414,0.0,88,0.411,0.003
svgenius__page_264_基础图标_26666_icon_139,svgenius,z2,0,1.242,0.764,0.0,93,,
svgenius__page_264_基础图标_26666_icon_139,svgenius,z4,0,1.106,0.661,0.0,98,,
svgenius__page_264_基础图标_26666_icon_139,svgenius,hd,0,0.228,0.126,0.0,86,,
svgenius__page_268_美食icon_14970_icon_6,svgenius,z1,0,1.176,0.401,0.0,154,0.403,0.008
svgenius__page_268_美食icon_14970_icon_6,svgenius,z2,0,1.543,0.572,0.0,66,,
svgenius__page_268_美食icon_14970_icon_6,svgenius,z4,0,0.636,0.133,0.0,50,,
svgenius__page_268_美食icon_14970_icon_6,svgenius,hd,0,0.396,0.169,0.0,89,,
svgenius__page_275_化妆品装饰_25821_icon_24,svgenius,z1,0,0.344,0.003,0.0,22,0.011,0.014
svgenius__page_275_化妆品装饰_25821_icon_24,svgenius,z2,0,0.211,0.0,0.0,18,,
svgenius__page_275_化妆品装饰_25821_icon_24,svgenius,z4,0,0.323,0.0,0.0,20,,
svgenius__page_275_化妆品装饰_25821_icon_24,svgenius,hd,0,0.129,0.003,0.0,30,,
svgenius__page_276_通用_25746_icon_171,svgenius,z1,0,0.255,0.049,0.0,49,0.083,0.054
svgenius__page_276_通用_25746_icon_171,svgenius,z2,0,0.281,0.077,0.0,48,,
svgenius__page_276_通用_25746_icon_171,svgenius,z4,0,0.301,0.097,0.0,54,,
svgenius__page_276_通用_25746_icon_171,svgenius,hd,0,0.081,0.025,0.0,58,,
svgenius__page_27_033-线面常用_47315_icon_7,svgenius,z1,0,0.377,0.125,0.0,73,0.12,0.036
svgenius__page_27_033-线面常用_47315_icon_7,svgenius,z2,0,0.818,0.336,0.0,64,,
svgenius__page_27_033-线面常用_47315_icon_7,svgenius,z4,0,0.709,0.3,0.0,77,,
svgenius__page_27_033-线面常用_47315_icon_7,svgenius,hd,0,0.138,0.058,0.0,77,,
svgenius__page_284_蜗牛小程序_25391_icon_104,svgenius,z1,0,0.467,0.287,0.0,70,0.294,0.006
svgenius__page_284_蜗牛小程序_25391_icon_104,svgenius,z2,0,0.367,0.093,0.0,43,,
svgenius__page_284_蜗牛小程序_25391_icon_104,svgenius,z4,0,0.093,0.065,0.0,57,,
svgenius__page_284_蜗牛小程序_25391_icon_104,svgenius,hd,0,0.107,0.042,0.0,63,,
svgenius__page_285_REMIX_ICON_V2.5（最新版）_25353_icon_2020,svgenius,z1,0,0.497,0.161,0.0,51,0.194,0.115
svgenius__page_285_REMIX_ICON_V2.5（最新版）_25353_icon_2020,svgenius,z2,0,0.638,0.202,0.0,51,,
svgenius__page_285_REMIX_ICON_V2.5（最新版）_25353_icon_2020,svgenius,z4,0,0.605,0.254,0.0,54,,
svgenius__page_285_REMIX_ICON_V2.5（最新版）_25353_icon_2020,svgenius,hd,0,0.158,0.052,0.0,70,,
svgenius__page_291_商业和在线图标_24724_icon_218,svgenius,z1,0,0.467,0.327,0.0,69,0.324,0.0
svgenius__page_291_商业和在线图标_24724_icon_218,svgenius,z2,0,0.49,0.327,0.0,94,,
svgenius__page_291_商业和在线图标_24724_icon_218,svgenius,z4,0,0.546,0.302,0.0,70,,
svgenius__page_291_商业和在线图标_24724_icon_218,svgenius,hd,0,0.076,0.035,0.0,84,,
svgenius__page_297_学习_24358_icon_49,svgenius,z1,0,0.653,0.122,0.0,48,0.125,0.019
svgenius__page_297_学习_24358_icon_49,svgenius,z2,0,0.993,0.181,0.0,49,,
svgenius__page_297_学习_24358_icon_49,svgenius,z4,0,0.985,0.11,0.0,45,,
svgenius__page_297_学习_24358_icon_49,svgenius,hd,0,0.21,0.046,0.0,53,,
svgenius__page_297_研究生系统_24310_icon_11,svgenius,z1,0,0.588,0.046,0.0,37,0.137,0.104
svgenius__page_297_研究生系统_24310_icon_11,svgenius,z2,0,0.316,0.023,0.0,32,,
svgenius__page_297_研究生系统_24310_icon_11,svgenius,z4,0,0.497,0.069,0.0,37,,
svgenius__page_297_研究生系统_24310_icon_11,svgenius,hd,0,0.193,0.049,0.0,59,,
svgenius__page_299_占星符号_24206_icon_10,svgenius,z1,0,0.346,0.073,0.0,121,0.071,0.009
svgenius__page_299_占星符号_24206_icon_10,svgenius,z2,0,0.51,0.089,0.0,102,,
svgenius__page_299_占星符号_24206_icon_10,svgenius,z4,0,0.44,0.1,0.0,93,,
svgenius__page_299_占星符号_24206_icon_10,svgenius,hd,0,0.102,0.01,0.0,103,,
svgenius__page_299_水相关线性图标_24190_icon_31,svgenius,z1,0,1.45,0.686,0.0,81,0.686,0.002
svgenius__page_299_水相关线性图标_24190_icon_31,svgenius,z2,0,2.254,1.028,0.0,88,,
svgenius__page_299_水相关线性图标_24190_icon_31,svgenius,z4,0,1.428,0.7,0.0,77,,
svgenius__page_299_水相关线性图标_24190_icon_31,svgenius,hd,0,0.482,0.241,0.0,85,,
svgenius__page_300_墨迹笔刷_24062_icon_12,svgenius,z1,0,0.635,0.291,0.0,193,0.285,0.006
svgenius__page_300_墨迹笔刷_24062_icon_12,svgenius,z2,0,1.28,0.594,0.0,180,,
svgenius__page_300_墨迹笔刷_24062_icon_12,svgenius,z4,0,1.171,0.564,0.0,80,,
svgenius__page_300_墨迹笔刷_24062_icon_12,svgenius,hd,0,0.198,0.095,0.0,140,,
svgenius__page_300_航拍无人机［卡通彩色］图标_12968_icon_3,svgenius,z1,0,1.701,0.759,0.0,77,0.753,0.007
svgenius__page_300_航拍无人机［卡通彩色］图标_12968_icon_3,svgenius,z2,0,2.033,0.682,0.0,57,,
svgenius__page_300_航拍无人机［卡通彩色］图标_12968_icon_3,svgenius,z4,0,1.477,0.575,0.0,58,,
svgenius__page_300_航拍无人机［卡通彩色］图标_12968_icon_3,svgenius,hd,0,0.551,0.244,0.0,86,,
svgenius__page_300_马上创业网_12940_icon_61,svgenius,z1,0,0.352,0.062,0.0,47,0.063,0.0
svgenius__page_300_马上创业网_12940_icon_61,svgenius,z2,0,0.495,0.035,0.0,50,,
svgenius__page_300_马上创业网_12940_icon_61,svgenius,z4,0,0.026,0.001,0.0,21,,
svgenius__page_300_马上创业网_12940_icon_61,svgenius,hd,0,0.073,0.005,0.0,46,,
svgenius__page_301_创意简洁图标_12866_icon_17,svgenius,z1,0,0.715,0.325,0.0,68,0.333,0.014
svgenius__page_301_创意简洁图标_12866_icon_17,svgenius,z2,0,0.691,0.184,0.0,58,,
svgenius__page_301_创意简洁图标_12866_icon_17,svgenius,z4,0,0.875,0.647,0.0,73,,
svgenius__page_301_创意简洁图标_12866_icon_17,svgenius,hd,0,0.195,0.05,0.0,86,,
svgenius__page_302_形状_24011_icon_42,svgenius,z1,0,0.686,0.297,0.0,90,0.295,0.0
svgenius__page_302_形状_24011_icon_42,svgenius,z2,0,1.084,0.456,0.0,90,,
svgenius__page_302_形状_24011_icon_42,svgenius,z4,0,0.962,0.413,0.0,78,,
svgenius__page_302_形状_24011_icon_42,svgenius,hd,0,0.237,0.108,0.0,100,,
svgenius__page_302_心医国际-闭环_12761_icon_116,svgenius,z1,0,0.422,0.14,0.0,170,0.135,0.0
svgenius__page_302_心医国际-闭环_12761_icon_116,svgenius,z2,0,0.929,0.308,0.0,112,,
svgenius__page_302_心医国际-闭环_12761_icon_116,svgenius,z4,0,0.929,0.278,0.0,81,,
svgenius__page_302_心医国际-闭环_12761_icon_116,svgenius,hd,0,0.142,0.049,0.0,174,,
svgenius__page_303_用户_23993_icon_83,svgenius,z1,0,0.422,0.217,0.0,66,0.222,0.03
svgenius__page_303_用户_23993_icon_83,svgenius,z2,0,0.564,0.251,0.0,88,,
svgenius__page_303_用户_23993_icon_83,svgenius,z4,0,0.462,0.207,0.0,56,,
svgenius__page_303_用户_23993_icon_83,svgenius,hd,0,0.109,0.042,0.0,68,,
svgenius__page_304_003_12480_icon_15,svgenius,z1,0,0.035,0.035,0.0,32,0.035,0.0
svgenius__page_304_003_12480_icon_15,svgenius,z2,0,0.07,0.07,0.0,43,,
svgenius__page_304_003_12480_icon_15,svgenius,z4,0,0.14,0.14,0.0,64,,
svgenius__page_304_003_12480_icon_15,svgenius,hd,0,0.0,0.0,0.0,1,,
svgenius__page_304_005_12482_icon_57,svgenius,z1,0,0.346,0.048,0.0,87,0.046,0.049
svgenius__page_304_005_12482_icon_57,svgenius,z2,0,0.358,0.059,0.0,56,,
svgenius__page_304_005_12482_icon_57,svgenius,z4,0,0.112,0.021,0.0,49,,
svgenius__page_304_005_12482_icon_57,svgenius,hd,0,0.107,0.01,0.0,42,,
svgenius__page_304_006_12483_icon_19,svgenius,z1,0,0.648,0.217,0.0,211,0.19,0.159
svgenius__page_304_006_12483_icon_19,svgenius,z2,0,1.023,0.298,0.0,157,,
svgenius__page_304_006_12483_icon_19,svgenius,z4,0,1.188,0.416,0.0,137,,
svgenius__page_304_006_12483_icon_19,svgenius,hd,0,0.184,0.037,0.0,141,,
svgenius__page_304_闪电在线_12527_icon_10,svgenius,z1,0,0.296,0.027,0.0,71,0.243,0.0
svgenius__page_304_闪电在线_12527_icon_10,svgenius,z2,0,0.62,0.499,0.0,91,,
svgenius__page_304_闪电在线_12527_icon_10,svgenius,z4,0,0.681,0.279,0.0,99,,
svgenius__page_304_闪电在线_12527_icon_10,svgenius,hd,0,0.023,0.004,0.0,53,,
svgenius__page_307_双色线性ICON_12087_icon_4,svgenius,z1,0,0.375,0.005,0.0,47,0.005,0.0
svgenius__page_307_双色线性ICON_12087_icon_4,svgenius,z2,0,0.396,0.002,0.0,24,,
svgenius__page_307_双色线性ICON_12087_icon_4,svgenius,z4,0,0.007,0.0,0.0,16,,
svgenius__page_307_双色线性ICON_12087_icon_4,svgenius,hd,0,0.082,0.003,0.0,31,,
svgenius__page_308_mbe小图标一套_11989_icon_5,svgenius,z1,0,1.518,0.76,0.0,213,0.76,0.043
svgenius__page_308_mbe小图标一套_11989_icon_5,svgenius,z2,0,2.076,1.039,0.0,106,,
svgenius__page_308_mbe小图标一套_11989_icon_5,svgenius,z4,0,1.383,0.673,0.0,83,,
svgenius__page_308_mbe小图标一套_11989_icon_5,svgenius,hd,0,0.453,0.197,0.0,99,,
svgenius__page_308_智慧_11927_icon_19,svgenius,z1,0,0.983,0.316,0.0,182,0.31,0.0
svgenius__page_308_智慧_11927_icon_19,svgenius,z2,0,1.388,0.351,0.0,161,,
svgenius__page_308_智慧_11927_icon_19,svgenius,z4,0,1.199,0.161,0.0,56,,
svgenius__page_308_智慧_11927_icon_19,svgenius,hd,0,0.334,0.114,0.0,182,,
svgenius__page_308_智慧_11927_icon_8,svgenius,z1,0,1.019,0.409,0.0,106,0.409,0.0
svgenius__page_308_智慧_11927_icon_8,svgenius,z2,0,1.621,0.576,0.0,103,,
svgenius__page_308_智慧_11927_icon_8,svgenius,z4,0,1.599,0.517,0.0,66,,
svgenius__page_308_智慧_11927_icon_8,svgenius,hd,0,0.26,0.089,0.0,86,,
svgenius__page_308_水果_11881_icon_13,svgenius,z1,0,0.444,0.217,0.0,106,0.22,0.009
svgenius__page_308_水果_11881_icon_13,svgenius,z2,0,0.862,0.295,0.0,113,,
svgenius__page_308_水果_11881_icon_13,svgenius,z4,0,1.283,0.61,0.0,113,,
svgenius__page_308_水果_11881_icon_13,svgenius,hd,0,0.136,0.045,0.0,108,,
svgenius__page_309_水果_11820_icon_15,svgenius,z1,0,0.865,0.339,0.0,66,0.328,0.015
svgenius__page_309_水果_11820_icon_15,svgenius,z2,0,1.372,0.408,0.0,57,,
svgenius__page_309_水果_11820_icon_15,svgenius,z4,0,1.153,0.36,0.0,54,,
svgenius__page_309_水果_11820_icon_15,svgenius,hd,0,0.301,0.126,0.0,87,,
svgenius__page_309_水果_11820_icon_21,svgenius,z1,0,0.739,0.227,0.0,52,0.219,0.003
svgenius__page_309_水果_11820_icon_21,svgenius,z2,0,1.346,0.482,0.0,77,,
svgenius__page_309_水果_11820_icon_21,svgenius,z4,0,1.207,0.625,0.0,66,,
svgenius__page_309_水果_11820_icon_21,svgenius,hd,0,0.251,0.067,0.0,90,,
svgenius__page_30_线性3d图标_46725_icon_56,svgenius,z1,0,0.539,0.049,0.0,43,0.05,0.003
svgenius__page_30_线性3d图标_46725_icon_56,svgenius,z2,0,0.596,0.067,0.0,60,,
svgenius__page_30_线性3d图标_46725_icon_56,svgenius,z4,0,0.333,0.029,0.0,39,,
svgenius__page_30_线性3d图标_46725_icon_56,svgenius,hd,0,0.142,0.011,0.0,163,,
svgenius__page_310_零食_MBE图标_11782_icon_4,svgenius,z1,0,0.697,0.283,0.0,103,0.276,0.07
svgenius__page_310_零食_MBE图标_11782_icon_4,svgenius,z2,0,0.728,0.234,0.0,79,,
svgenius__page_310_零食_MBE图标_11782_icon_4,svgenius,z4,0,0.849,0.449,0.0,99,,
svgenius__page_310_零食_MBE图标_11782_icon_4,svgenius,hd,0,0.212,0.13,0.0,104,,
svgenius__page_314_Remix_Icon_v2.5.0_23534_icon_1976,svgenius,z1,0,0.418,0.418,0.0,22,0.418,0.0
svgenius__page_314_Remix_Icon_v2.5.0_23534_icon_1976,svgenius,z2,0,0.334,0.334,0.0,22,,
svgenius__page_314_Remix_Icon_v2.5.0_23534_icon_1976,svgenius,z4,0,0.552,0.552,0.0,21,,
svgenius__page_314_Remix_Icon_v2.5.0_23534_icon_1976,svgenius,hd,0,0.0,0.0,0.0,0,,
svgenius__page_314_智能服务与营销云_23491_icon_14,svgenius,z1,0,0.447,0.17,0.0,47,0.182,0.115
svgenius__page_314_智能服务与营销云_23491_icon_14,svgenius,z2,0,0.53,0.158,0.0,53,,
svgenius__page_314_智能服务与营销云_23491_icon_14,svgenius,z4,0,0.32,0.127,0.0,49,,
svgenius__page_314_智能服务与营销云_23491_icon_14,svgenius,hd,0,0.107,0.033,0.0,53,,
svgenius__page_315_workUI_23422_icon_55,svgenius,z1,0,0.62,0.503,0.0,72,0.503,0.0
svgenius__page_315_workUI_23422_icon_55,svgenius,z2,0,0.511,0.259,0.0,82,,
svgenius__page_315_workUI_23422_icon_55,svgenius,z4,0,0.325,0.104,0.0,64,,
svgenius__page_315_workUI_23422_icon_55,svgenius,hd,0,0.199,0.156,0.0,79,,
svgenius__page_326_可爱单色图标_22996_icon_13,svgenius,z1,0,0.875,0.505,0.0,255,0.512,0.016
svgenius__page_326_可爱单色图标_22996_icon_13,svgenius,z2,0,1.849,1.001,0.0,245,,
svgenius__page_326_可爱单色图标_22996_icon_13,svgenius,z4,0,0.966,0.538,0.0,231,,
svgenius__page_326_可爱单色图标_22996_icon_13,svgenius,hd,0,0.278,0.153,0.0,255,,
svgenius__page_328_牛肉拉面图标库_10859_icon_3,svgenius,z1,0,0.651,0.246,0.0,72,0.251,0.012
svgenius__page_328_牛肉拉面图标库_10859_icon_3,svgenius,z2,0,1.377,0.406,0.0,78,,
svgenius__page_328_牛肉拉面图标库_10859_icon_3,svgenius,z4,0,0.298,0.079,0.0,61,,
svgenius__page_328_牛肉拉面图标库_10859_icon_3,svgenius,hd,0,0.205,0.064,0.0,83,,
svgenius__page_328_饰品icon_10850_icon_14,svgenius,z1,0,1.17,0.637,0.0,71,0.637,0.011
svgenius__page_328_饰品icon_10850_icon_14,svgenius,z2,0,2.268,1.391,0.0,100,,
svgenius__page_328_饰品icon_10850_icon_14,svgenius,z4,0,0.681,0.265,0.0,48,,
svgenius__page_328_饰品icon_10850_icon_14,svgenius,hd,0,0.349,0.179,0.0,98,,
svgenius__page_32_iconPark高质量统一化图标_48811_icon_4496,svgenius,z1,0,0.584,0.292,0.0,95,0.285,0.018
svgenius__page_32_iconPark高质量统一化图标_48811_icon_4496,svgenius,z2,0,0.817,0.375,0.0,71,,
svgenius__page_32_iconPark高质量统一化图标_48811_icon_4496,svgenius,z4,0,0.883,0.493,0.0,82,,
svgenius__page_32_iconPark高质量统一化图标_48811_icon_4496,svgenius,hd,0,0.154,0.075,0.0,81,,
svgenius__page_32_酷趣创易_电商_icon031_46250_icon_2,svgenius,z1,0,0.244,0.025,0.0,44,0.02,0.003
svgenius__page_32_酷趣创易_电商_icon031_46250_icon_2,svgenius,z2,0,0.255,0.022,0.0,36,,
svgenius__page_32_酷趣创易_电商_icon031_46250_icon_2,svgenius,z4,0,0.305,0.092,0.0,51,,
svgenius__page_32_酷趣创易_电商_icon031_46250_icon_2,svgenius,hd,0,0.073,0.013,0.0,54,,
svgenius__page_330_仲夏甜品屋_10798_icon_14,svgenius,z1,0,0.855,0.166,0.0,58,0.17,0.018
svgenius__page_330_仲夏甜品屋_10798_icon_14,svgenius,z2,0,1.242,0.302,0.0,59,,
svgenius__page_330_仲夏甜品屋_10798_icon_14,svgenius,z4,0,1.402,0.253,0.0,53,,
svgenius__page_330_仲夏甜品屋_10798_icon_14,svgenius,hd,0,0.28,0.071,0.0,54,,
svgenius__page_331_个性_10781_icon_17,svgenius,z1,0,0.256,0.102,0.0,88,0.103,0.002
svgenius__page_331_个性_10781_icon_17,svgenius,z2,0,0.634,0.332,0.0,72,,
svgenius__page_331_个性_10781_icon_17,svgenius,z4,0,0.915,0.467,0.0,83,,
svgenius__page_331_个性_10781_icon_17,svgenius,hd,0,0.101,0.045,0.0,72,,
svgenius__page_331_个性_10781_icon_3,svgenius,z1,0,0.301,0.101,0.0,95,0.123,0.036
svgenius__page_331_个性_10781_icon_3,svgenius,z2,0,0.569,0.116,0.0,68,,
svgenius__page_331_个性_10781_icon_3,svgenius,z4,0,0.783,0.13,0.0,63,,
svgenius__page_331_个性_10781_icon_3,svgenius,hd,0,0.087,0.027,0.0,67,,
svgenius__page_332_Framework7_22653_icon_640,svgenius,z1,0,0.721,0.384,0.0,92,0.384,0.0
svgenius__page_332_Framework7_22653_icon_640,svgenius,z2,0,0.989,0.387,0.0,74,,
svgenius__page_332_Framework7_22653_icon_640,svgenius,z4,0,0.855,0.346,0.0,70,,
svgenius__page_332_Framework7_22653_icon_640,svgenius,hd,0,0.212,0.124,0.0,79,,
svgenius__page_332_天天早餐_10773_icon_19,svgenius,z1,0,1.396,0.651,0.0,81,0.635,0.034
svgenius__page_332_天天早餐_10773_icon_19,svgenius,z2,0,2.115,0.848,0.0,85,,
svgenius__page_332_天天早餐_10773_icon_19,svgenius,z4,0,1.377,0.677,0.0,65,,
svgenius__page_332_天天早餐_10773_icon_19,svgenius,hd,0,0.4,0.23,0.0,94,,
svgenius__page_332_花店通用icon_10772_icon_9,svgenius,z1,0,0.832,0.279,0.0,72,0.276,0.0
svgenius__page_332_花店通用icon_10772_icon_9,svgenius,z2,0,1.633,0.77,0.0,92,,
svgenius__page_332_花店通用icon_10772_icon_9,svgenius,z4,0,1.663,0.753,0.0,84,,
svgenius__page_332_花店通用icon_10772_icon_9,svgenius,hd,0,0.268,0.094,0.0,81,,
svgenius__page_333_电商icon_灰白_10745_icon_24,svgenius,z1,0,0.554,0.124,0.0,48,0.14,0.002
svgenius__page_333_电商icon_灰白_10745_icon_24,svgenius,z2,0,0.925,0.364,0.0,59,,
svgenius__page_333_电商icon_灰白_10745_icon_24,svgenius,z4,0,0.776,0.385,0.0,56,,
svgenius__page_333_电商icon_灰白_10745_icon_24,svgenius,hd,0,0.145,0.046,0.0,61,,
svgenius__page_339_小咪宠物店_10635_icon_8,svgenius,z1,0,0.246,0.066,0.0,135,0.066,0.0
svgenius__page_339_小咪宠物店_10635_icon_8,svgenius,z2,0,0.627,0.225,0.0,72,,
svgenius__page_339_小咪宠物店_10635_icon_8,svgenius,z4,0,0.63,0.151,0.0,56,,
svgenius__page_339_小咪宠物店_10635_icon_8,svgenius,hd,0,0.079,0.02,0.0,70,,
svgenius__page_33_小假哥_线面_icon148_46140_icon_12,svgenius,z1,0,0.276,0.041,0.0,53,0.041,0.0
svgenius__page_33_小假哥_线面_icon148_46140_icon_12,svgenius,z2,0,0.414,0.15,0.0,41,,
svgenius__page_33_小假哥_线面_icon148_46140_icon_12,svgenius,z4,0,0.42,0.147,0.0,33,,
svgenius__page_33_小假哥_线面_icon148_46140_icon_12,svgenius,hd,0,0.175,0.011,0.0,48,,
svgenius__page_33_旅游_46080_icon_46,svgenius,z1,0,0.71,0.193,0.0,80,0.193,0.006
svgenius__page_33_旅游_46080_icon_46,svgenius,z2,0,1.13,0.314,0.0,60,,
svgenius__page_33_旅游_46080_icon_46,svgenius,z4,0,1.295,0.342,0.0,53,,
svgenius__page_33_旅游_46080_icon_46,svgenius,hd,0,0.24,0.088,0.0,80,,
svgenius__page_33_旅游_46080_icon_59,svgenius,z1,0,0.753,0.272,0.0,78,0.261,0.012
svgenius__page_33_旅游_46080_icon_59,svgenius,z2,0,1.372,0.391,0.0,75,,
svgenius__page_33_旅游_46080_icon_59,svgenius,z4,0,1.543,0.445,0.0,65,,
svgenius__page_33_旅游_46080_icon_59,svgenius,hd,0,0.248,0.074,0.0,77,,
svgenius__page_33_美食大全_46021_icon_0,svgenius,z1,0,1.434,0.687,0.0,73,0.682,0.0
svgenius__page_33_美食大全_46021_icon_0,svgenius,z2,0,3.135,1.36,0.0,81,,
svgenius__page_33_美食大全_46021_icon_0,svgenius,z4,0,1.402,0.086,0.0,73,,
svgenius__page_33_美食大全_46021_icon_0,svgenius,hd,0,0.416,0.233,0.0,89,,
svgenius__page_34_树木相关森林图标_45903_icon_11,svgenius,z1,0,0.901,0.312,0.0,82,0.314,0.006
svgenius__page_34_树木相关森林图标_45903_icon_11,svgenius,z2,0,1.63,0.682,0.0,89,,
svgenius__page_34_树木相关森林图标_45903_icon_11,svgenius,z4,0,1.81,0.675,0.0,101,,
svgenius__page_34_树木相关森林图标_45903_icon_11,svgenius,hd,0,0.295,0.112,0.0,111,,
svgenius__page_350_AnimaUI_21749_icon_21,svgenius,z1,0,0.753,0.283,0.0,119,0.279,0.014
svgenius__page_350_AnimaUI_21749_icon_21,svgenius,z2,0,1.043,0.364,0.0,119,,
svgenius__page_350_AnimaUI_21749_icon_21,svgenius,z4,0,0.374,0.149,0.0,119,,
svgenius__page_350_AnimaUI_21749_icon_21,svgenius,hd,0,0.182,0.041,0.0,119,,
svgenius__page_359_test_21258_icon_173,svgenius,z1,0,0.667,0.472,0.0,64,0.473,0.043
svgenius__page_359_test_21258_icon_173,svgenius,z2,0,0.89,0.656,0.0,59,,
svgenius__page_359_test_21258_icon_173,svgenius,z4,0,0.531,0.26,0.0,80,,
svgenius__page_359_test_21258_icon_173,svgenius,hd,0,0.08,0.015,0.0,68,,
svgenius__page_35_临床医疗_45858_icon_3,svgenius,z1,0,1.035,0.053,0.0,51,0.049,0.0
svgenius__page_35_临床医疗_45858_icon_3,svgenius,z2,0,1.14,0.344,0.0,65,,
svgenius__page_35_临床医疗_45858_icon_3,svgenius,z4,0,1.3,0.166,0.0,48,,
svgenius__page_35_临床医疗_45858_icon_3,svgenius,hd,0,0.318,0.028,0.0,54,,
svgenius__page_35_娱乐人生_45431_icon_27,svgenius,z1,0,0.561,0.057,0.0,49,0.061,0.019
svgenius__page_35_娱乐人生_45431_icon_27,svgenius,z2,0,0.573,0.244,0.0,77,,
svgenius__page_35_娱乐人生_45431_icon_27,svgenius,z4,0,0.118,0.006,0.0,35,,
svgenius__page_35_娱乐人生_45431_icon_27,svgenius,hd,0,0.044,0.016,0.0,81,,
svgenius__page_363_吾欢喜_21058_icon_11,svgenius,z1,0,2.084,1.319,0.0,86,1.322,0.0
svgenius__page_363_吾欢喜_21058_icon_11,svgenius,z2,0,3.895,2.427,0.0,100,,
svgenius__page_363_吾欢喜_21058_icon_11,svgenius,z4,0,3.132,2.165,0.0,96,,
svgenius__page_363_吾欢喜_21058_icon_11,svgenius,hd,0,0.627,0.388,0.0,88,,
svgenius__page_369_Yue_Business_icon_8050_icon_18,svgenius,z1,0,1.481,0.939,0.0,108,0.949,0.015
svgenius__page_369_Yue_Business_icon_8050_icon_18,svgenius,z2,0,0.84,0.141,0.0,50,,
svgenius__page_369_Yue_Business_icon_8050_icon_18,svgenius,z4,0,0.31,0.068,0.0,44,,
svgenius__page_369_Yue_Business_icon_8050_icon_18,svgenius,hd,0,0.159,0.044,0.0,78,,
svgenius__page_369_日用帳簿貼_8038_icon_4,svgenius,z1,0,1.412,0.599,0.0,67,0.59,0.0
svgenius__page_369_日用帳簿貼_8038_icon_4,svgenius,z2,0,2.497,0.93,0.0,61,,
svgenius__page_369_日用帳簿貼_8038_icon_4,svgenius,z4,0,1.87,0.607,0.0,69,,
svgenius__page_369_日用帳簿貼_8038_icon_4,svgenius,hd,0,0.449,0.17,0.0,83,,
svgenius__page_36_008-美食_45398_icon_18,svgenius,z1,0,0.194,0.009,0.0,30,0.009,0.001
svgenius__page_36_008-美食_45398_icon_18,svgenius,z2,0,0.447,0.094,0.0,32,,
svgenius__page_36_008-美食_45398_icon_18,svgenius,z4,0,0.177,0.018,0.0,26,,
svgenius__page_36_008-美食_45398_icon_18,svgenius,hd,0,0.053,0.004,0.0,46,,
svgenius__page_36_多色icon-线性_45427_icon_0,svgenius,z1,0,0.148,0.047,0.0,28,0.051,0.023
svgenius__page_36_多色icon-线性_45427_icon_0,svgenius,z2,0,0.239,0.071,0.0,49,,
svgenius__page_36_多色icon-线性_45427_icon_0,svgenius,z4,0,0.273,0.05,0.0,22,,
svgenius__page_36_多色icon-线性_45427_icon_0,svgenius,hd,0,0.07,0.017,0.0,42,,
svgenius__page_36_娱乐人生_45431_icon_13,svgenius,z1,0,0.208,0.017,0.0,30,0.017,0.0
svgenius__page_36_娱乐人生_45431_icon_13,svgenius,z2,0,0.344,0.015,0.0,30,,
svgenius__page_36_娱乐人生_45431_icon_13,svgenius,z4,0,0.358,0.047,0.0,52,,
svgenius__page_36_娱乐人生_45431_icon_13,svgenius,hd,0,0.032,0.009,0.0,44,,
svgenius__page_371_MBE金融图标_7976_icon_8,svgenius,z1,0,1.028,0.281,0.0,88,0.3,0.023
svgenius__page_371_MBE金融图标_7976_icon_8,svgenius,z2,0,1.654,0.478,0.0,77,,
svgenius__page_371_MBE金融图标_7976_icon_8,svgenius,z4,0,1.094,0.352,0.0,75,,
svgenius__page_371_MBE金融图标_7976_icon_8,svgenius,hd,0,0.372,0.078,0.0,82,,
svgenius__page_372_春节系列图标_7969_icon_7,svgenius,z1,0,0.466,0.21,0.0,77,0.213,0.0
svgenius__page_372_春节系列图标_7969_icon_7,svgenius,z2,0,0.738,0.324,0.0,83,,
svgenius__page_372_春节系列图标_7969_icon_7,svgenius,z4,0,0.81,0.382,0.0,107,,
svgenius__page_372_春节系列图标_7969_icon_7,svgenius,hd,0,0.168,0.1,0.0,136,,
svgenius__page_376_服务行业改_20390_icon_41,svgenius,z1,0,0.723,0.2,0.0,63,0.209,0.043
svgenius__page_376_服务行业改_20390_icon_41,svgenius,z2,0,0.852,0.279,0.0,169,,
svgenius__page_376_服务行业改_20390_icon_41,svgenius,z4,0,0.36,0.102,0.0,52,,
svgenius__page_376_服务行业改_20390_icon_41,svgenius,hd,0,0.27,0.095,0.0,99,,
svgenius__page_37_一级菜单图标_48406_icon_6,svgenius,z1,0,0.645,0.094,0.0,45,0.091,0.0
svgenius__page_37_一级菜单图标_48406_icon_6,svgenius,z2,0,1.191,0.253,0.0,47,,
svgenius__page_37_一级菜单图标_48406_icon_6,svgenius,z4,0,0.795,0.117,0.0,41,,
svgenius__page_37_一级菜单图标_48406_icon_6,svgenius,hd,0,0.244,0.047,0.0,50,,
svgenius__page_37_教育图标_45273_icon_0,svgenius,z1,0,0.649,0.104,0.0,173,0.105,0.007
svgenius__page_37_教育图标_45273_icon_0,svgenius,z2,0,0.24,0.018,0.0,161,,
svgenius__page_37_教育图标_45273_icon_0,svgenius,z4,0,0.142,0.001,0.0,22,,
svgenius__page_37_教育图标_45273_icon_0,svgenius,hd,0,0.153,0.019,0.0,167,,
svgenius__page_381_交通线图标_20160_icon_82,svgenius,z1,0,1.092,0.616,0.0,79,0.613,0.005
svgenius__page_381_交通线图标_20160_icon_82,svgenius,z2,0,1.469,0.781,0.0,86,,
svgenius__page_381_交通线图标_20160_icon_82,svgenius,z4,0,1.229,0.666,0.0,101,,
svgenius__page_381_交通线图标_20160_icon_82,svgenius,hd,0,0.271,0.142,0.0,92,,
svgenius__page_386_填充图标_19922_icon_16,svgenius,z1,0,0.115,0.057,0.0,61,0.057,0.0
svgenius__page_386_填充图标_19922_icon_16,svgenius,z2,0,0.224,0.124,0.0,56,,
svgenius__page_386_填充图标_19922_icon_16,svgenius,z4,0,0.247,0.103,0.0,71,,
svgenius__page_386_填充图标_19922_icon_16,svgenius,hd,0,0.035,0.016,0.0,57,,
svgenius__page_38_ant_design_48353_icon_95,svgenius,z1,0,0.662,0.339,0.0,67,0.339,0.0
svgenius__page_38_ant_design_48353_icon_95,svgenius,z2,0,0.927,0.735,0.0,96,,
svgenius__page_38_ant_design_48353_icon_95,svgenius,z4,0,0.645,0.314,0.0,67,,
svgenius__page_38_ant_design_48353_icon_95,svgenius,hd,0,0.216,0.116,0.0,95,,
svgenius__page_38_元颗粒6.12_图标上传_45218_icon_30,svgenius,z1,0,0.538,0.008,0.0,131,0.008,0.0
svgenius__page_38_元颗粒6.12_图标上传_45218_icon_30,svgenius,z2,0,0.678,0.318,0.0,152,,
svgenius__page_38_元颗粒6.12_图标上传_45218_icon_30,svgenius,z4,0,0.279,0.17,0.0,109,,
svgenius__page_38_元颗粒6.12_图标上传_45218_icon_30,svgenius,hd,0,0.122,0.0,0.0,192,,
svgenius__page_391_CB_19664_icon_406,svgenius,z1,0,0.272,0.081,0.0,71,0.081,0.0
svgenius__page_391_CB_19664_icon_406,svgenius,z2,0,0.403,0.185,0.0,88,,
svgenius__page_391_CB_19664_icon_406,svgenius,z4,0,0.207,0.083,0.0,57,,
svgenius__page_391_CB_19664_icon_406,svgenius,hd,0,0.084,0.025,0.0,63,,
svgenius__page_392_扁平化科学领域图标_7084_icon_41,svgenius,z1,0,0.325,0.107,0.0,49,0.106,0.003
svgenius__page_392_扁平化科学领域图标_7084_icon_41,svgenius,z2,0,0.769,0.205,0.0,51,,
svgenius__page_392_扁平化科学领域图标_7084_icon_41,svgenius,z4,0,0.294,0.018,0.0,33,,
svgenius__page_392_扁平化科学领域图标_7084_icon_41,svgenius,hd,0,0.113,0.019,0.0,54,,
svgenius__page_392_扁平化科学领域图标_7084_icon_84,svgenius,z1,0,0.525,0.116,0.0,56,0.077,0.032
svgenius__page_392_扁平化科学领域图标_7084_icon_84,svgenius,z2,0,0.824,0.153,0.0,48,,
svgenius__page_392_扁平化科学领域图标_7084_icon_84,svgenius,z4,0,0.589,0.077,0.0,45,,
svgenius__page_392_扁平化科学领域图标_7084_icon_84,svgenius,hd,0,0.152,0.03,0.0,56,,
svgenius__page_393_core_design_19608_icon_204,svgenius,z1,0,0.461,0.208,0.0,60,0.196,0.0
svgenius__page_393_core_design_19608_icon_204,svgenius,z2,0,0.844,0.518,0.0,101,,
svgenius__page_393_core_design_19608_icon_204,svgenius,z4,0,0.086,0.023,0.0,50,,
svgenius__page_393_core_design_19608_icon_204,svgenius,hd,0,0.141,0.067,0.0,82,,
svgenius__page_393_面性图标_6996_icon_83,svgenius,z1,0,0.454,0.064,0.0,104,0.059,0.054
svgenius__page_393_面性图标_6996_icon_83,svgenius,z2,0,0.47,0.151,0.0,67,,
svgenius__page_393_面性图标_6996_icon_83,svgenius,z4,0,0.287,0.071,0.0,48,,
svgenius__page_393_面性图标_6996_icon_83,svgenius,hd,0,0.079,0.015,0.0,101,,
svgenius__page_393_食物2_6971_icon_17,svgenius,z1,0,0.569,0.209,0.0,149,0.183,0.026
svgenius__page_393_食物2_6971_icon_17,svgenius,z2,0,1.049,0.377,0.0,123,,
svgenius__page_393_食物2_6971_icon_17,svgenius,z4,0,0.442,0.164,0.0,58,,
svgenius__page_393_食物2_6971_icon_17,svgenius,hd,0,0.162,0.059,0.0,72,,
svgenius__page_394_售电云应用图标_6733_icon_19,svgenius,z1,0,0.564,0.194,0.0,64,0.174,0.015
svgenius__page_394_售电云应用图标_6733_icon_19,svgenius,z2,0,0.891,0.327,0.0,57,,
svgenius__page_394_售电云应用图标_6733_icon_19,svgenius,z4,0,0.872,0.268,0.0,63,,
svgenius__page_394_售电云应用图标_6733_icon_19,svgenius,hd,0,0.178,0.075,0.0,70,,
svgenius__page_394_工具类图标_6695_icon_11,svgenius,z1,0,0.48,0.176,0.0,70,0.173,0.001
svgenius__page_394_工具类图标_6695_icon_11,svgenius,z2,0,0.759,0.317,0.0,78,,
svgenius__page_394_工具类图标_6695_icon_11,svgenius,z4,0,0.487,0.122,0.0,59,,
svgenius__page_394_工具类图标_6695_icon_11,svgenius,hd,0,0.352,0.095,0.0,101,,
svgenius__page_394_礼物多色小图标_6623_icon_18,svgenius,z1,0,0.955,0.373,0.0,73,0.376,0.003
svgenius__page_394_礼物多色小图标_6623_icon_18,svgenius,z2,0,1.849,0.758,0.0,89,,
svgenius__page_394_礼物多色小图标_6623_icon_18,svgenius,z4,0,1.832,0.569,0.0,73,,
svgenius__page_394_礼物多色小图标_6623_icon_18,svgenius,hd,0,0.317,0.102,0.0,86,,
svgenius__page_395_卡通夸张人物表情_6470_icon_3,svgenius,z1,0,0.736,0.369,0.0,178,0.369,0.004
svgenius__page_395_卡通夸张人物表情_6470_icon_3,svgenius,z2,0,1.24,0.492,0.0,173,,
svgenius__page_395_卡通夸张人物表情_6470_icon_3,svgenius,z4,0,1.324,0.751,0.0,101,,
svgenius__page_395_卡通夸张人物表情_6470_icon_3,svgenius,hd,0,0.223,0.103,0.0,87,,
svgenius__page_395_可爱的小树叶_6565_icon_40,svgenius,z1,0,0.86,0.217,0.0,83,0.219,0.017
svgenius__page_395_可爱的小树叶_6565_icon_40,svgenius,z2,0,1.516,0.349,0.0,97,,
svgenius__page_395_可爱的小树叶_6565_icon_40,svgenius,z4,0,1.533,0.337,0.0,51,,
svgenius__page_395_可爱的小树叶_6565_icon_40,svgenius,hd,0,0.309,0.103,0.0,72,,
svgenius__page_395_可爱的小树叶_6565_icon_70,svgenius,z1,0,1.437,0.625,0.0,138,0.633,0.01
svgenius__page_395_可爱的小树叶_6565_icon_70,svgenius,z2,0,2.673,1.195,0.0,90,,
svgenius__page_395_可爱的小树叶_6565_icon_70,svgenius,z4,0,1.827,0.765,0.0,79,,
svgenius__page_395_可爱的小树叶_6565_icon_70,svgenius,hd,0,0.467,0.209,0.0,102,,
svgenius__page_395_多色金融商务小图标_6548_icon_16,svgenius,z1,0,0.328,0.055,0.0,90,0.089,0.043
svgenius__page_395_多色金融商务小图标_6548_icon_16,svgenius,z2,0,0.375,0.12,0.0,116,,
svgenius__page_395_多色金融商务小图标_6548_icon_16,svgenius,z4,0,0.136,0.01,0.0,31,,
svgenius__page_395_多色金融商务小图标_6548_icon_16,svgenius,hd,0,0.091,0.019,0.0,90,,
svgenius__page_395_设计器图标_6517_icon_5,svgenius,z1,0,0.578,0.204,0.0,100,0.198,0.006
svgenius__page_395_设计器图标_6517_icon_5,svgenius,z2,0,0.653,0.145,0.0,81,,
svgenius__page_395_设计器图标_6517_icon_5,svgenius,z4,0,0.351,0.101,0.0,86,,
svgenius__page_395_设计器图标_6517_icon_5,svgenius,hd,0,0.198,0.055,0.0,108,,
svgenius__page_396_mbe风格_食物类_6370_icon_4,svgenius,z1,0,0.684,0.25,0.0,163,0.244,0.012
svgenius__page_396_mbe风格_食物类_6370_icon_4,svgenius,z2,0,1.334,0.355,0.0,75,,
svgenius__page_396_mbe风格_食物类_6370_icon_4,svgenius,z4,0,1.118,0.239,0.0,62,,
svgenius__page_396_mbe风格_食物类_6370_icon_4,svgenius,hd,0,0.207,0.061,0.0,76,,
svgenius__page_396_电脑图标_6377_icon_86,svgenius,z1,0,0.573,0.171,0.0,45,0.171,0.007
svgenius__page_396_电脑图标_6377_icon_86,svgenius,z2,0,1.277,0.391,0.0,66,,
svgenius__page_396_电脑图标_6377_icon_86,svgenius,z4,0,0.364,0.122,0.0,47,,
svgenius__page_396_电脑图标_6377_icon_86,svgenius,hd,0,0.251,0.081,0.0,65,,
svgenius__page_397_MBE_夏日icon_5856_icon_10,svgenius,z1,0,0.788,0.332,0.0,106,0.331,0.008
svgenius__page_397_MBE_夏日icon_5856_icon_10,svgenius,z2,0,1.125,0.512,0.0,77,,
svgenius__page_397_MBE_夏日icon_5856_icon_10,svgenius,z4,0,1.413,0.729,0.0,90,,
svgenius__page_397_MBE_夏日icon_5856_icon_10,svgenius,hd,0,0.283,0.144,0.0,87,,
svgenius__page_397_圣诞Christmas_5781_icon_1,svgenius,z1,0,0.748,0.268,0.0,212,0.26,0.004
svgenius__page_397_圣诞Christmas_5781_icon_1,svgenius,z2,0,1.422,0.492,0.0,183,,
svgenius__page_397_圣诞Christmas_5781_icon_1,svgenius,z4,0,1.061,0.332,0.0,98,,
svgenius__page_397_圣诞Christmas_5781_icon_1,svgenius,hd,0,0.268,0.095,0.0,183,,
svgenius__page_397_多色施工类icon_6158_icon_21,svgenius,z1,0,0.839,0.382,0.0,66,0.38,0.006
svgenius__page_397_多色施工类icon_6158_icon_21,svgenius,z2,0,1.446,0.538,0.0,73,,
svgenius__page_397_多色施工类icon_6158_icon_21,svgenius,z4,0,1.831,0.879,0.0,109,,
svgenius__page_397_多色施工类icon_6158_icon_21,svgenius,hd,0,0.27,0.132,0.0,77,,
svgenius__page_397_多色施工类icon_6158_icon_9,svgenius,z1,0,1.341,0.594,0.0,225,0.588,0.012
svgenius__page_397_多色施工类icon_6158_icon_9,svgenius,z2,0,2.074,0.918,0.0,152,,
svgenius__page_397_多色施工类icon_6158_icon_9,svgenius,z4,0,1.477,0.552,0.0,98,,
svgenius__page_397_多色施工类icon_6158_icon_9,svgenius,hd,0,0.426,0.197,0.0,82,,
svgenius__page_398_轻松行多色图标_5475_icon_35,svgenius,z1,0,0.283,0.041,0.0,56,0.043,0.0
svgenius__page_398_轻松行多色图标_5475_icon_35,svgenius,z2,0,0.353,0.171,0.0,56,,
svgenius__page_398_轻松行多色图标_5475_icon_35,svgenius,z4,0,0.0,0.0,0.0,0,,
svgenius__page_398_轻松行多色图标_5475_icon_35,svgenius,hd,0,0.087,0.01,0.0,67,,
svgenius__page_39_76_44867_icon_62,svgenius,z1,0,0.377,0.054,0.0,62,0.063,0.054
svgenius__page_39_76_44867_icon_62,svgenius,z2,0,0.497,0.085,0.0,57,,
svgenius__page_39_76_44867_icon_62,svgenius,z4,0,0.325,0.063,0.0,53,,
svgenius__page_39_76_44867_icon_62,svgenius,hd,0,0.1,0.019,0.0,63,,
svgenius__page_39_双色面性图标_44878_icon_15,svgenius,z1,0,0.415,0.192,0.0,60,0.199,0.029
svgenius__page_39_双色面性图标_44878_icon_15,svgenius,z2,0,0.37,0.078,0.0,42,,
svgenius__page_39_双色面性图标_44878_icon_15,svgenius,z4,0,0.079,0.03,0.0,52,,
svgenius__page_39_双色面性图标_44878_icon_15,svgenius,hd,0,0.129,0.046,0.0,88,,
svgenius__page_3_低代码APP图标_50138_icon_18,svgenius,z1,0,0.329,0.102,0.0,54,0.015,0.084
svgenius__page_3_低代码APP图标_50138_icon_18,svgenius,z2,0,0.625,0.067,0.0,96,,
svgenius__page_3_低代码APP图标_50138_icon_18,svgenius,z4,0,0.401,0.09,0.0,63,,
svgenius__page_3_低代码APP图标_50138_icon_18,svgenius,hd,0,0.087,0.018,0.0,57,,
svgenius__page_3_健身器材_50284_icon_19,svgenius,z1,0,0.506,0.166,0.0,184,0.167,0.007
svgenius__page_3_健身器材_50284_icon_19,svgenius,z2,0,0.922,0.25,0.0,180,,
svgenius__page_3_健身器材_50284_icon_19,svgenius,z4,0,0.825,0.236,0.0,191,,
svgenius__page_3_健身器材_50284_icon_19,svgenius,hd,0,0.151,0.039,0.0,188,,
svgenius__page_3_建筑房屋_50286_icon_6,svgenius,z1,0,0.288,0.074,0.0,108,0.074,0.0
svgenius__page_3_建筑房屋_50286_icon_6,svgenius,z2,0,0.435,0.093,0.0,128,,
svgenius__page_3_建筑房屋_50286_icon_6,svgenius,z4,0,0.487,0.096,0.0,81,,
svgenius__page_3_建筑房屋_50286_icon_6,svgenius,hd,0,0.079,0.015,0.0,75,,
svgenius__page_3_海边商业休闲元素_50207_icon_24,svgenius,z1,0,0.365,0.009,0.0,31,0.011,0.003
svgenius__page_3_海边商业休闲元素_50207_icon_24,svgenius,z2,0,0.534,0.181,0.0,38,,
svgenius__page_3_海边商业休闲元素_50207_icon_24,svgenius,z4,0,0.465,0.022,0.0,35,,
svgenius__page_3_海边商业休闲元素_50207_icon_24,svgenius,hd,0,0.111,0.003,0.0,67,,
svgenius__page_405_hairpiece模板_18871_icon_18,svgenius,z1,0,0.579,0.344,0.0,92,0.349,0.0
svgenius__page_405_hairpiece模板_18871_icon_18,svgenius,z2,0,0.593,0.215,0.0,58,,
svgenius__page_405_hairpiece模板_18871_icon_18,svgenius,z4,0,0.525,0.15,0.0,59,,
svgenius__page_405_hairpiece模板_18871_icon_18,svgenius,hd,0,0.16,0.073,0.0,79,,
svgenius__page_412_tree_2067_icon_35,svgenius,z1,0,1.023,0.486,0.0,215,0.483,0.005
svgenius__page_412_tree_2067_icon_35,svgenius,z2,0,1.92,1.014,0.0,220,,
svgenius__page_412_tree_2067_icon_35,svgenius,z4,0,2.337,1.176,0.0,174,,
svgenius__page_412_tree_2067_icon_35,svgenius,hd,0,0.332,0.166,0.0,209,,
svgenius__page_412_商务icon_2142_icon_15,svgenius,z1,0,0.684,0.362,0.0,202,0.278,0.08
svgenius__page_412_商务icon_2142_icon_15,svgenius,z2,0,0.643,0.174,0.0,216,,
svgenius__page_412_商务icon_2142_icon_15,svgenius,z4,0,0.342,0.008,0.0,31,,
svgenius__page_412_商务icon_2142_icon_15,svgenius,hd,0,0.236,0.078,0.0001,203,,
svgenius__page_412_美味的食物_2134_icon_53,svgenius,z1,0,1.232,0.125,0.0,65,0.122,0.002
svgenius__page_412_美味的食物_2134_icon_53,svgenius,z2,0,2.329,0.476,0.0,51,,
svgenius__page_412_美味的食物_2134_icon_53,svgenius,z4,0,0.829,0.054,0.0,37,,
svgenius__page_412_美味的食物_2134_icon_53,svgenius,hd,0,0.377,0.07,0.0,59,,
svgenius__page_412_美味的食物_2134_icon_68,svgenius,z1,0,0.791,0.241,0.0,47,0.226,0.027
svgenius__page_412_美味的食物_2134_icon_68,svgenius,z2,0,1.251,0.542,0.0,72,,
svgenius__page_412_美味的食物_2134_icon_68,svgenius,z4,0,0.841,0.283,0.0,67,,
svgenius__page_412_美味的食物_2134_icon_68,svgenius,hd,0,0.253,0.094,0.0,67,,
svgenius__page_412_食物图标_2108_icon_43,svgenius,z1,0,0.726,0.09,0.0,69,0.089,0.073
svgenius__page_412_食物图标_2108_icon_43,svgenius,z2,0,1.221,0.176,0.0,71,,
svgenius__page_412_食物图标_2108_icon_43,svgenius,z4,0,1.078,0.121,0.0,75,,
svgenius__page_412_食物图标_2108_icon_43,svgenius,hd,0,0.229,0.039,0.0,59,,
svgenius__page_413_互联网系列_2001_icon_15,svgenius,z1,0,0.958,0.293,0.0,54,0.286,0.008
svgenius__page_413_互联网系列_2001_icon_15,svgenius,z2,0,1.333,0.454,0.0,75,,
svgenius__page_413_互联网系列_2001_icon_15,svgenius,z4,0,0.956,0.256,0.0,53,,
svgenius__page_413_互联网系列_2001_icon_15,svgenius,hd,0,0.324,0.108,0.0,79,,
svgenius__page_413_圣诞节icon_2059_icon_43,svgenius,z1,0,0.712,0.168,0.0,88,0.164,0.038
svgenius__page_413_圣诞节icon_2059_icon_43,svgenius,z2,0,0.996,0.28,0.0,78,,
svgenius__page_413_圣诞节icon_2059_icon_43,svgenius,z4,0,1.039,0.309,0.0,50,,
svgenius__page_413_圣诞节icon_2059_icon_43,svgenius,hd,0,0.244,0.066,0.0,76,,
svgenius__page_41_后缀名称-文件类型_44573_icon_29,svgenius,z1,0,0.33,0.057,0.0,57,0.062,0.005
svgenius__page_41_后缀名称-文件类型_44573_icon_29,svgenius,z2,0,0.676,0.054,0.0,130,,
svgenius__page_41_后缀名称-文件类型_44573_icon_29,svgenius,z4,0,0.426,0.03,0.0,34,,
svgenius__page_41_后缀名称-文件类型_44573_icon_29,svgenius,hd,0,0.107,0.009,0.0,151,,
svgenius__page_41_母婴用品_44628_icon_5,svgenius,z1,0,0.672,0.307,0.0,73,0.348,0.149
svgenius__page_41_母婴用品_44628_icon_5,svgenius,z2,0,1.407,0.621,0.0,72,,
svgenius__page_41_母婴用品_44628_icon_5,svgenius,z4,0,1.74,0.677,0.0,93,,
svgenius__page_41_母婴用品_44628_icon_5,svgenius,hd,0,0.218,0.084,0.0,73,,
svgenius__page_42_一张图标签_44528_icon_46,svgenius,z1,1,0.411,0.093,0.0,40,0.162,0.095
svgenius__page_42_一张图标签_44528_icon_46,svgenius,z2,1,0.687,0.125,0.0,42,,
svgenius__page_42_一张图标签_44528_icon_46,svgenius,z4,1,0.702,0.001,0.0,31,,
svgenius__page_42_一张图标签_44528_icon_46,svgenius,hd,1,0.13,0.011,0.0,37,,
svgenius__page_42_练习_44440_icon_2,svgenius,z1,0,0.62,0.023,0.0,35,0.024,0.0
svgenius__page_42_练习_44440_icon_2,svgenius,z2,0,0.825,0.493,0.0,46,,
svgenius__page_42_练习_44440_icon_2,svgenius,z4,0,0.317,0.008,0.0,31,,
svgenius__page_42_练习_44440_icon_2,svgenius,hd,0,0.061,0.016,0.0,63,,
svgenius__page_42_面性双色图标_44434_icon_14,svgenius,z1,0,0.221,0.009,0.0,46,0.01,0.0
svgenius__page_42_面性双色图标_44434_icon_14,svgenius,z2,0,0.439,0.023,0.0,41,,
svgenius__page_42_面性双色图标_44434_icon_14,svgenius,z4,0,0.433,0.011,0.0,37,,
svgenius__page_42_面性双色图标_44434_icon_14,svgenius,hd,0,0.015,0.005,0.0,52,,
svgenius__page_43_zpy_icon_excel工作站_44295_icon_10,svgenius,z1,0,0.704,0.184,0.0,40,0.171,0.0
svgenius__page_43_zpy_icon_excel工作站_44295_icon_10,svgenius,z2,0,0.914,0.224,0.0,52,,
svgenius__page_43_zpy_icon_excel工作站_44295_icon_10,svgenius,z4,0,0.662,0.158,0.0,30,,
svgenius__page_43_zpy_icon_excel工作站_44295_icon_10,svgenius,hd,0,0.225,0.126,0.0,63,,
svgenius__page_43_全球旅游图标icon_44394_icon_11,svgenius,z1,0,0.574,0.292,0.0,68,0.288,0.035
svgenius__page_43_全球旅游图标icon_44394_icon_11,svgenius,z2,0,0.627,0.096,0.0,65,,
svgenius__page_43_全球旅游图标icon_44394_icon_11,svgenius,z4,0,1.087,0.635,0.0,54,,
svgenius__page_43_全球旅游图标icon_44394_icon_11,svgenius,hd,0,0.154,0.067,0.0,75,,
svgenius__page_46_可爱食物_icon_43742_icon_47,svgenius,z1,0,0.474,0.172,0.0,82,0.137,0.084
svgenius__page_46_可爱食物_icon_43742_icon_47,svgenius,z2,0,0.683,0.155,0.0,71,,
svgenius__page_46_可爱食物_icon_43742_icon_47,svgenius,z4,0,0.625,0.416,0.0,67,,
svgenius__page_46_可爱食物_icon_43742_icon_47,svgenius,hd,0,0.295,0.088,0.0,106,,
svgenius__page_46_可爱食物_icon_43742_icon_6,svgenius,z1,6,1.227,0.589,0.0,66,0.583,0.013
svgenius__page_46_可爱食物_icon_43742_icon_6,svgenius,z2,6,2.104,1.068,0.0,104,,
svgenius__page_46_可爱食物_icon_43742_icon_6,svgenius,z4,6,0.949,0.411,0.0,122,,
svgenius__page_46_可爱食物_icon_43742_icon_6,svgenius,hd,6,0.427,0.212,0.0,112,,
svgenius__page_47_网络拓扑图节点_47626_icon_15,svgenius,z1,0,1.011,0.482,0.0,91,0.558,0.138
svgenius__page_47_网络拓扑图节点_47626_icon_15,svgenius,z2,0,1.9,0.941,0.0,104,,
svgenius__page_47_网络拓扑图节点_47626_icon_15,svgenius,z4,0,0.997,0.386,0.0,66,,
svgenius__page_47_网络拓扑图节点_47626_icon_15,svgenius,hd,0,0.309,0.152,0.0,104,,
svgenius__page_48_程序场景图标_43353_icon_68,svgenius,z1,0,0.329,0.131,0.0,61,0.123,0.011
svgenius__page_48_程序场景图标_43353_icon_68,svgenius,z2,0,0.483,0.104,0.0,48,,
svgenius__page_48_程序场景图标_43353_icon_68,svgenius,z4,0,0.595,0.155,0.0,53,,
svgenius__page_48_程序场景图标_43353_icon_68,svgenius,hd,0,0.106,0.04,0.0,81,,
svgenius__page_49_混色图标_43233_icon_17,svgenius,z1,0,0.571,0.217,0.0,189,0.193,0.048
svgenius__page_49_混色图标_43233_icon_17,svgenius,z2,0,1.077,0.313,0.0,189,,
svgenius__page_49_混色图标_43233_icon_17,svgenius,z4,0,0.936,0.234,0.0,172,,
svgenius__page_49_混色图标_43233_icon_17,svgenius,hd,0,0.197,0.07,0.0,189,,
svgenius__page_4_vscode-icons_49950_icon_31,svgenius,z1,0,0.734,0.138,0.0,145,0.178,0.097
svgenius__page_4_vscode-icons_49950_icon_31,svgenius,z2,0,0.611,0.181,0.0,187,,
svgenius__page_4_vscode-icons_49950_icon_31,svgenius,z4,0,0.253,0.042,0.0,67,,
svgenius__page_4_vscode-icons_49950_icon_31,svgenius,hd,0,0.231,0.039,0.0,158,,
svgenius__page_50_035-常用线面_47484_icon_25,svgenius,z1,0,0.718,0.3,0.0,78,0.31,0.207
svgenius__page_50_035-常用线面_47484_icon_25,svgenius,z2,0,1.084,0.339,0.0,43,,
svgenius__page_50_035-常用线面_47484_icon_25,svgenius,z4,0,0.759,0.234,0.0,62,,
svgenius__page_50_035-常用线面_47484_icon_25,svgenius,hd,0,0.225,0.089,0.0,74,,
svgenius__page_513_交通工具系列_13337_icon_27,svgenius,z1,0,1.038,0.564,0.0,77,0.548,0.015
svgenius__page_513_交通工具系列_13337_icon_27,svgenius,z2,0,2.069,1.222,0.0,70,,
svgenius__page_513_交通工具系列_13337_icon_27,svgenius,z4,0,1.252,0.878,0.0,104,,
svgenius__page_513_交通工具系列_13337_icon_27,svgenius,hd,0,0.286,0.149,0.0,92,,
svgenius__page_514_天气系列_13334_icon_43,svgenius,z1,0,0.946,0.442,0.0,104,0.445,0.013
svgenius__page_514_天气系列_13334_icon_43,svgenius,z2,0,1.357,0.756,0.0,116,,
svgenius__page_514_天气系列_13334_icon_43,svgenius,z4,0,0.136,0.067,0.0,114,,
svgenius__page_514_天气系列_13334_icon_43,svgenius,hd,0,0.29,0.134,0.0,85,,
svgenius__page_51_小假哥_多彩_icon104_42838_icon_3,svgenius,z1,0,0.525,0.181,0.0,68,0.172,0.006
svgenius__page_51_小假哥_多彩_icon104_42838_icon_3,svgenius,z2,0,1.273,0.179,0.0,55,,
svgenius__page_51_小假哥_多彩_icon104_42838_icon_3,svgenius,z4,0,1.225,0.939,0.0,68,,
svgenius__page_51_小假哥_多彩_icon104_42838_icon_3,svgenius,hd,0,0.261,0.077,0.0,84,,
svgenius__page_51_小假哥_新年_icon105_42839_icon_15,svgenius,z1,0,1.048,0.4,0.0,64,0.401,0.019
svgenius__page_51_小假哥_新年_icon105_42839_icon_15,svgenius,z2,0,1.463,0.514,0.0,93,,
svgenius__page_51_小假哥_新年_icon105_42839_icon_15,svgenius,z4,0,1.372,0.533,0.0,71,,
svgenius__page_51_小假哥_新年_icon105_42839_icon_15,svgenius,hd,0,0.329,0.115,0.0,62,,
svgenius__page_528_简洁动物图标_12683_icon_14,svgenius,z1,0,1.639,0.862,0.0,116,0.864,0.006
svgenius__page_528_简洁动物图标_12683_icon_14,svgenius,z2,0,3.134,1.633,0.0,91,,
svgenius__page_528_简洁动物图标_12683_icon_14,svgenius,z4,0,2.207,1.119,0.0,76,,
svgenius__page_528_简洁动物图标_12683_icon_14,svgenius,hd,0,0.524,0.273,0.0,103,,
svgenius__page_52_小假哥_扁平_icon102_42798_icon_63,svgenius,z1,0,0.365,0.092,0.0,40,0.272,0.143
svgenius__page_52_小假哥_扁平_icon102_42798_icon_63,svgenius,z2,0,0.452,0.151,0.0,46,,
svgenius__page_52_小假哥_扁平_icon102_42798_icon_63,svgenius,z4,0,0.131,0.011,0.0,30,,
svgenius__page_52_小假哥_扁平_icon102_42798_icon_63,svgenius,hd,0,0.087,0.019,0.0,55,,
svgenius__page_53_小假哥_多彩_icon083_42776_icon_262,svgenius,z1,0,0.266,0.119,0.0,75,0.117,0.003
svgenius__page_53_小假哥_多彩_icon083_42776_icon_262,svgenius,z2,0,0.564,0.092,0.0,71,,
svgenius__page_53_小假哥_多彩_icon083_42776_icon_262,svgenius,z4,0,0.495,0.2,0.0,87,,
svgenius__page_53_小假哥_多彩_icon083_42776_icon_262,svgenius,hd,0,0.072,0.021,0.0,73,,
svgenius__page_54_小假哥_债务_icon077_42753_icon_11,svgenius,z1,0,0.773,0.215,0.0,57,0.219,0.009
svgenius__page_54_小假哥_债务_icon077_42753_icon_11,svgenius,z2,0,1.17,0.285,0.0,47,,
svgenius__page_54_小假哥_债务_icon077_42753_icon_11,svgenius,z4,0,0.965,0.366,0.0,56,,
svgenius__page_54_小假哥_债务_icon077_42753_icon_11,svgenius,hd,0,0.29,0.095,0.0,73,,
svgenius__page_54_小假哥_多彩_icon070_42746_icon_25,svgenius,z1,0,0.635,0.257,0.0,115,0.253,0.016
svgenius__page_54_小假哥_多彩_icon070_42746_icon_25,svgenius,z2,0,0.673,0.193,0.0,84,,
svgenius__page_54_小假哥_多彩_icon070_42746_icon_25,svgenius,z4,0,0.477,0.108,0.0,75,,
svgenius__page_54_小假哥_多彩_icon070_42746_icon_25,svgenius,hd,0,0.158,0.061,0.0,113,,
svgenius__page_55_小假哥_常用_icon057_42653_icon_30,svgenius,z1,0,0.954,0.432,0.0,67,0.429,0.014
svgenius__page_55_小假哥_常用_icon057_42653_icon_30,svgenius,z2,0,0.986,0.304,0.0,51,,
svgenius__page_55_小假哥_常用_icon057_42653_icon_30,svgenius,z4,0,0.923,0.187,0.0,59,,
svgenius__page_55_小假哥_常用_icon057_42653_icon_30,svgenius,hd,0,0.276,0.084,0.0,94,,
svgenius__page_55_小假哥_扁平_icon066_42739_icon_19,svgenius,z1,0,0.295,0.038,0.0,47,0.038,0.0
svgenius__page_55_小假哥_扁平_icon066_42739_icon_19,svgenius,z2,0,0.617,0.107,0.0,59,,
svgenius__page_55_小假哥_扁平_icon066_42739_icon_19,svgenius,z4,0,0.337,0.032,0.0,43,,
svgenius__page_55_小假哥_扁平_icon066_42739_icon_19,svgenius,hd,0,0.108,0.013,0.0,52,,
svgenius__page_55_小假哥_水果_icon060_42656_icon_14,svgenius,z1,0,1.137,0.554,0.0,102,0.539,0.035
svgenius__page_55_小假哥_水果_icon060_42656_icon_14,svgenius,z2,0,1.851,0.922,0.0,120,,
svgenius__page_55_小假哥_水果_icon060_42656_icon_14,svgenius,z4,0,1.752,0.921,0.0,88,,
svgenius__page_55_小假哥_水果_icon060_42656_icon_14,svgenius,hd,0,0.375,0.188,0.0,101,,
svgenius__page_56_小假哥_美食_icon054_42650_icon_6,svgenius,z1,0,1.043,0.51,0.0,67,0.516,0.014
svgenius__page_56_小假哥_美食_icon054_42650_icon_6,svgenius,z2,0,1.155,0.253,0.0,54,,
svgenius__page_56_小假哥_美食_icon054_42650_icon_6,svgenius,z4,0,0.952,0.207,0.0,45,,
svgenius__page_56_小假哥_美食_icon054_42650_icon_6,svgenius,hd,0,0.292,0.093,0.0,63,,
svgenius__page_57_小假哥_教育_icon038_42574_icon_4,svgenius,z1,0,1.954,1.702,0.0,144,1.707,0.006
svgenius__page_57_小假哥_教育_icon038_42574_icon_4,svgenius,z2,0,1.765,0.181,0.0,66,,
svgenius__page_57_小假哥_教育_icon038_42574_icon_4,svgenius,z4,0,0.149,0.001,0.0,22,,
svgenius__page_57_小假哥_教育_icon038_42574_icon_4,svgenius,hd,0,0.308,0.075,0.0,67,,
svgenius__page_58_小假哥_生活_icon032_42551_icon_28,svgenius,z1,0,0.825,0.145,0.0,63,0.148,0.02
svgenius__page_58_小假哥_生活_icon032_42551_icon_28,svgenius,z2,0,0.816,0.485,0.0,102,,
svgenius__page_58_小假哥_生活_icon032_42551_icon_28,svgenius,z4,0,0.763,0.273,0.0,67,,
svgenius__page_58_小假哥_生活_icon032_42551_icon_28,svgenius,hd,0,0.301,0.102,0.0,86,,
svgenius__page_592_Ant_Design_官方图标库_9402_icon_51,svgenius,z1,0,0.64,0.312,0.0,66,0.312,0.0
svgenius__page_592_Ant_Design_官方图标库_9402_icon_51,svgenius,z2,0,0.88,0.683,0.0,97,,
svgenius__page_592_Ant_Design_官方图标库_9402_icon_51,svgenius,z4,0,0.58,0.251,0.0,57,,
svgenius__page_592_Ant_Design_官方图标库_9402_icon_51,svgenius,hd,0,0.209,0.106,0.0,95,,
svgenius__page_59_天气tianqi_42524_icon_12,svgenius,z1,0,0.005,0.002,0.0,39,0.002,0.0
svgenius__page_59_天气tianqi_42524_icon_12,svgenius,z2,0,0.001,0.0,0.0,20,,
svgenius__page_59_天气tianqi_42524_icon_12,svgenius,z4,0,0.0,0.0,0.0,8,,
svgenius__page_59_天气tianqi_42524_icon_12,svgenius,hd,0,0.001,0.0,0.0,30,,
svgenius__page_59_婴幼玩具_42427_icon_2,svgenius,z1,0,0.715,0.301,0.0,107,0.309,0.02
svgenius__page_59_婴幼玩具_42427_icon_2,svgenius,z2,0,1.219,0.613,0.0,92,,
svgenius__page_59_婴幼玩具_42427_icon_2,svgenius,z4,0,1.167,0.624,0.0,88,,
svgenius__page_59_婴幼玩具_42427_icon_2,svgenius,hd,0,0.281,0.141,0.0,100,,
svgenius__page_5_ATEL-操作列表图标_49886_icon_12,svgenius,z1,0,0.01,0.01,0.0,44,0.01,0.0
svgenius__page_5_ATEL-操作列表图标_49886_icon_12,svgenius,z2,0,0.0,0.0,0.0,1,,
svgenius__page_5_ATEL-操作列表图标_49886_icon_12,svgenius,z4,0,0.0,0.0,0.0,2,,
svgenius__page_5_ATEL-操作列表图标_49886_icon_12,svgenius,hd,0,0.132,0.0,0.0,49,,
svgenius__page_60_小假哥_多彩_icon025_42385_icon_1,svgenius,z1,0,1.442,0.167,0.0,64,0.152,0.013
svgenius__page_60_小假哥_多彩_icon025_42385_icon_1,svgenius,z2,0,2.129,0.897,0.0,70,,
svgenius__page_60_小假哥_多彩_icon025_42385_icon_1,svgenius,z4,0,2.542,1.631,0.0,83,,
svgenius__page_60_小假哥_多彩_icon025_42385_icon_1,svgenius,hd,0,0.341,0.159,0.0,77,,
svgenius__page_60_小假哥_多彩_icon025_42385_icon_28,svgenius,z1,0,0.988,0.333,0.0,85,0.342,0.038
svgenius__page_60_小假哥_多彩_icon025_42385_icon_28,svgenius,z2,0,1.874,0.928,0.0,81,,
svgenius__page_60_小假哥_多彩_icon025_42385_icon_28,svgenius,z4,0,0.518,0.196,0.0,57,,
svgenius__page_60_小假哥_多彩_icon025_42385_icon_28,svgenius,hd,0,0.351,0.13,0.0,92,,
svgenius__page_61_小假哥_医疗_icon015_42142_icon_28,svgenius,z1,0,0.324,0.016,0.0,36,0.013,0.013
svgenius__page_61_小假哥_医疗_icon015_42142_icon_28,svgenius,z2,0,0.414,0.028,0.0,41,,
svgenius__page_61_小假哥_医疗_icon015_42142_icon_28,svgenius,z4,0,0.364,0.162,0.0,47,,
svgenius__page_61_小假哥_医疗_icon015_42142_icon_28,svgenius,hd,0,0.138,0.001,0.0,43,,
svgenius__page_61_小假哥_多彩_icon022_42149_icon_14,svgenius,z1,0,0.797,0.163,0.0,73,0.166,0.008
svgenius__page_61_小假哥_多彩_icon022_42149_icon_14,svgenius,z2,0,1.277,0.334,0.0,68,,
svgenius__page_61_小假哥_多彩_icon022_42149_icon_14,svgenius,z4,0,1.394,0.484,0.0,65,,
svgenius__page_61_小假哥_多彩_icon022_42149_icon_14,svgenius,hd,0,0.284,0.068,0.0,85,,
svgenius__page_634_返利app通用图标库_4100_icon_1,svgenius,z1,0,0.211,0.095,0.0,37,0.08,0.083
svgenius__page_634_返利app通用图标库_4100_icon_1,svgenius,z2,0,0.479,0.321,0.0,65,,
svgenius__page_634_返利app通用图标库_4100_icon_1,svgenius,z4,0,0.311,0.077,0.0,42,,
svgenius__page_634_返利app通用图标库_4100_icon_1,svgenius,hd,0,0.057,0.017,0.0,57,,
svgenius__page_63_多色面性图标_41900_icon_4,svgenius,z1,0,0.139,0.065,0.0,44,0.066,0.008
svgenius__page_63_多色面性图标_41900_icon_4,svgenius,z2,0,0.231,0.014,0.0,42,,
svgenius__page_63_多色面性图标_41900_icon_4,svgenius,z4,0,0.244,0.002,0.0,62,,
svgenius__page_63_多色面性图标_41900_icon_4,svgenius,hd,0,0.039,0.004,0.0,40,,
svgenius__page_63_糖果风甜美可爱_41912_icon_53,svgenius,z1,0,0.66,0.117,0.0,48,0.122,0.009
svgenius__page_63_糖果风甜美可爱_41912_icon_53,svgenius,z2,0,0.861,0.232,0.0,44,,
svgenius__page_63_糖果风甜美可爱_41912_icon_53,svgenius,z4,0,0.491,0.01,0.0,28,,
svgenius__page_63_糖果风甜美可爱_41912_icon_53,svgenius,hd,0,0.173,0.005,0.0,57,,
svgenius__page_64_明德-线性双色图标_41643_icon_159,svgenius,z1,0,0.707,0.398,0.0,64,0.426,0.087
svgenius__page_64_明德-线性双色图标_41643_icon_159,svgenius,z2,0,1.112,0.642,0.0,103,,
svgenius__page_64_明德-线性双色图标_41643_icon_159,svgenius,z4,0,0.836,0.368,0.0,71,,
svgenius__page_64_明德-线性双色图标_41643_icon_159,svgenius,hd,0,0.186,0.086,0.0,82,,
svgenius__page_65_生活图标集_41396_icon_1,svgenius,z1,4,0.886,0.47,0.0,103,0.461,0.008
svgenius__page_65_生活图标集_41396_icon_1,svgenius,z2,4,1.487,0.639,0.0,70,,
svgenius__page_65_生活图标集_41396_icon_1,svgenius,z4,4,1.421,0.543,0.0,53,,
svgenius__page_65_生活图标集_41396_icon_1,svgenius,hd,4,0.199,0.079,0.0,81,,
svgenius__page_65_生活图标集_41396_icon_17,svgenius,z1,4,0.79,0.365,0.0,98,0.355,0.028
svgenius__page_65_生活图标集_41396_icon_17,svgenius,z2,4,1.486,0.62,0.0,88,,
svgenius__page_65_生活图标集_41396_icon_17,svgenius,z4,4,1.396,0.602,0.0,65,,
svgenius__page_65_生活图标集_41396_icon_17,svgenius,hd,4,0.277,0.093,0.0,76,,
svgenius__page_65_生活图标集_41396_icon_7,svgenius,z1,4,0.95,0.424,0.0,92,0.421,0.011
svgenius__page_65_生活图标集_41396_icon_7,svgenius,z2,4,1.804,0.41,0.0,64,,
svgenius__page_65_生活图标集_41396_icon_7,svgenius,z4,4,1.534,0.582,0.0,72,,
svgenius__page_65_生活图标集_41396_icon_7,svgenius,hd,4,0.3,0.109,0.0,91,,
svgenius__page_667_Essential_Set_1913_icon_237,svgenius,z1,0,0.401,0.194,0.0,58,0.185,0.003
svgenius__page_667_Essential_Set_1913_icon_237,svgenius,z2,0,0.546,0.292,0.0,76,,
svgenius__page_667_Essential_Set_1913_icon_237,svgenius,z4,0,0.536,0.232,0.0,59,,
svgenius__page_667_Essential_Set_1913_icon_237,svgenius,hd,0,0.147,0.083,0.0,101,,
svgenius__page_676_中间页前链_1653_icon_5,svgenius,z1,0,0.606,0.166,0.0,66,0.166,0.001
svgenius__page_676_中间页前链_1653_icon_5,svgenius,z2,0,0.92,0.609,0.0,71,,
svgenius__page_676_中间页前链_1653_icon_5,svgenius,z4,0,0.324,0.068,0.0,53,,
svgenius__page_676_中间页前链_1653_icon_5,svgenius,hd,0,0.15,0.075,0.0,60,,
svgenius__page_679_一组常见线性ICON_1599_icon_78,svgenius,z1,0,0.767,0.336,0.0,74,0.333,0.003
svgenius__page_679_一组常见线性ICON_1599_icon_78,svgenius,z2,0,1.311,0.616,0.0,100,,
svgenius__page_679_一组常见线性ICON_1599_icon_78,svgenius,z4,0,0.579,0.18,0.0,63,,
svgenius__page_679_一组常见线性ICON_1599_icon_78,svgenius,hd,0,0.254,0.112,0.0,98,,
svgenius__page_67_交通工具_40671_icon_19,svgenius,z1,0,0.419,0.101,0.0,52,0.108,0.079
svgenius__page_67_交通工具_40671_icon_19,svgenius,z2,0,0.503,0.151,0.0,55,,
svgenius__page_67_交通工具_40671_icon_19,svgenius,z4,0,0.126,0.028,0.0,43,,
svgenius__page_67_交通工具_40671_icon_19,svgenius,hd,0,0.147,0.043,0.0,82,,
svgenius__page_67_吃货联萌_40773_icon_25,svgenius,z1,0,0.888,0.263,0.0,63,0.162,0.224
svgenius__page_67_吃货联萌_40773_icon_25,svgenius,z2,0,0.964,0.157,0.0,43,,
svgenius__page_67_吃货联萌_40773_icon_25,svgenius,z4,0,0.745,0.262,0.0,58,,
svgenius__page_67_吃货联萌_40773_icon_25,svgenius,hd,0,0.232,0.052,0.0,75,,
svgenius__page_681_常用LOGO合集_1516_icon_33,svgenius,z1,0,0.582,0.227,0.0,73,0.227,0.0
svgenius__page_681_常用LOGO合集_1516_icon_33,svgenius,z2,0,1.331,0.678,0.0,84,,
svgenius__page_681_常用LOGO合集_1516_icon_33,svgenius,z4,0,0.867,0.286,0.0,86,,
svgenius__page_681_常用LOGO合集_1516_icon_33,svgenius,hd,0,0.232,0.12,0.0,102,,
svgenius__page_685_闲鱼拍卖图标库_1434_icon_7,svgenius,z1,0,0.412,0.165,0.0,59,0.164,0.0
svgenius__page_685_闲鱼拍卖图标库_1434_icon_7,svgenius,z2,0,0.698,0.457,0.0,54,,
svgenius__page_685_闲鱼拍卖图标库_1434_icon_7,svgenius,z4,0,0.376,0.15,0.0,85,,
svgenius__page_685_闲鱼拍卖图标库_1434_icon_7,svgenius,hd,0,0.137,0.05,0.0,90,,
svgenius__page_685_闲鱼拍卖图标库_1434_icon_88,svgenius,z1,0,0.851,0.38,0.0,86,0.381,0.0
svgenius__page_685_闲鱼拍卖图标库_1434_icon_88,svgenius,z2,0,1.161,0.51,0.0,74,,
svgenius__page_685_闲鱼拍卖图标库_1434_icon_88,svgenius,z4,0,1.166,0.67,0.0,76,,
svgenius__page_685_闲鱼拍卖图标库_1434_icon_88,svgenius,hd,0,0.316,0.198,0.0,91,,
svgenius__page_68_家居家具_40497_icon_14,svgenius,z1,0,0.848,0.412,0.0,99,0.325,0.001
svgenius__page_68_家居家具_40497_icon_14,svgenius,z2,0,0.884,0.257,0.0,78,,
svgenius__page_68_家居家具_40497_icon_14,svgenius,z4,0,0.742,0.013,0.0,138,,
svgenius__page_68_家居家具_40497_icon_14,svgenius,hd,0,0.111,0.005,0.0,109,,
svgenius__page_68_旅行商务_40550_icon_39,svgenius,z1,0,0.217,0.029,0.0,34,0.117,0.108
svgenius__page_68_旅行商务_40550_icon_39,svgenius,z2,0,0.484,0.075,0.0,51,,
svgenius__page_68_旅行商务_40550_icon_39,svgenius,z4,0,0.571,0.099,0.0,36,,
svgenius__page_68_旅行商务_40550_icon_39,svgenius,hd,0,0.081,0.015,0.0,46,,
svgenius__page_692_渣渣_1147_icon_27,svgenius,z1,0,0.318,0.05,0.0,25,0.045,0.0
svgenius__page_692_渣渣_1147_icon_27,svgenius,z2,0,0.44,0.156,0.0,42,,
svgenius__page_692_渣渣_1147_icon_27,svgenius,z4,0,0.465,0.0,0.0,14,,
svgenius__page_692_渣渣_1147_icon_27,svgenius,hd,0,0.063,0.006,0.0,42,,
svgenius__page_698_ico_998_icon_7,svgenius,z1,0,0.513,0.237,0.0,83,0.234,0.0
svgenius__page_698_ico_998_icon_7,svgenius,z2,0,0.509,0.13,0.0,77,,
svgenius__page_698_ico_998_icon_7,svgenius,z4,0,0.081,0.041,0.0,59,,
svgenius__page_698_ico_998_icon_7,svgenius,hd,0,0.138,0.049,0.0,110,,
svgenius__page_6_宇宙_49835_icon_21,svgenius,z1,2,0.434,0.043,0.0,39,0.048,0.006
svgenius__page_6_宇宙_49835_icon_21,svgenius,z2,2,0.641,0.14,0.0,51,,
svgenius__page_6_宇宙_49835_icon_21,svgenius,z4,2,0.487,0.078,0.0,37,,
svgenius__page_6_宇宙_49835_icon_21,svgenius,hd,2,0.139,0.02,0.0,53,,
svgenius__page_6_程序代码_49642_icon_15,svgenius,z1,0,0.192,0.028,0.0,34,0.028,0.0
svgenius__page_6_程序代码_49642_icon_15,svgenius,z2,0,0.305,0.046,0.0,42,,
svgenius__page_6_程序代码_49642_icon_15,svgenius,z4,0,0.033,0.0,0.0,16,,
svgenius__page_6_程序代码_49642_icon_15,svgenius,hd,0,0.067,0.013,0.0,45,,
svgenius__page_700_法律_902_icon_30,svgenius,z1,0,1.336,0.959,0.0,97,0.957,0.04
svgenius__page_700_法律_902_icon_30,svgenius,z2,0,1.847,1.062,0.0,121,,
svgenius__page_700_法律_902_icon_30,svgenius,z4,0,1.221,0.605,0.0,83,,
svgenius__page_700_法律_902_icon_30,svgenius,hd,0,0.352,0.17,0.0,89,,
svgenius__page_701_小icon_905_icon_37,svgenius,z1,0,0.58,0.33,0.0,75,0.331,0.009
svgenius__page_701_小icon_905_icon_37,svgenius,z2,0,0.857,0.36,0.0,73,,
svgenius__page_701_小icon_905_icon_37,svgenius,z4,0,0.552,0.299,0.0,76,,
svgenius__page_701_小icon_905_icon_37,svgenius,hd,0,0.21,0.142,0.0,111,,
svgenius__page_70_像素鞋子图标_40194_icon_12,svgenius,z1,0,0.122,0.002,0.0,24,0.002,0.0
svgenius__page_70_像素鞋子图标_40194_icon_12,svgenius,z2,0,0.249,0.031,0.0,37,,
svgenius__page_70_像素鞋子图标_40194_icon_12,svgenius,z4,0,0.148,0.027,0.0,22,,
svgenius__page_70_像素鞋子图标_40194_icon_12,svgenius,hd,0,0.044,0.006,0.0,25,,
svgenius__page_70_像素鞋子图标_40194_icon_17,svgenius,z1,0,0.0,0.0,0.0,0,0.0,0.0
svgenius__page_70_像素鞋子图标_40194_icon_17,svgenius,z2,0,0.0,0.0,0.0,0,,
svgenius__page_70_像素鞋子图标_40194_icon_17,svgenius,z4,0,0.0,0.0,0.0,0,,
svgenius__page_70_像素鞋子图标_40194_icon_17,svgenius,hd,0,0.118,0.026,0.0,61,,
svgenius__page_70_甜甜圈_40334_icon_4,svgenius,z1,3,1.501,0.545,0.0,77,0.584,0.075
svgenius__page_70_甜甜圈_40334_icon_4,svgenius,z2,3,2.229,0.676,0.0,55,,
svgenius__page_70_甜甜圈_40334_icon_4,svgenius,z4,3,1.299,0.344,0.0,49,,
svgenius__page_70_甜甜圈_40334_icon_4,svgenius,hd,3,0.461,0.152,0.0,81,,
svgenius__page_721_rexhangIconfont_328_icon_578,svgenius,z1,0,0.921,0.428,0.0,70,0.427,0.0
svgenius__page_721_rexhangIconfont_328_icon_578,svgenius,z2,0,1.163,0.409,0.0,111,,
svgenius__page_721_rexhangIconfont_328_icon_578,svgenius,z4,0,0.304,0.107,0.0,45,,
svgenius__page_721_rexhangIconfont_328_icon_578,svgenius,hd,0,0.301,0.13,0.0,68,,
svgenius__page_723_带高光的小图标_255_icon_107,svgenius,z1,0,1.123,0.385,0.0,61,0.383,0.0
svgenius__page_723_带高光的小图标_255_icon_107,svgenius,z2,0,1.57,0.68,0.0,57,,
svgenius__page_723_带高光的小图标_255_icon_107,svgenius,z4,0,1.064,0.613,0.0,82,,
svgenius__page_723_带高光的小图标_255_icon_107,svgenius,hd,0,0.372,0.184,0.0,89,,
svgenius__page_723_阿里小蜜图标库_252_icon_32,svgenius,z1,0,0.105,0.008,0.0,40,0.008,0.0
svgenius__page_723_阿里小蜜图标库_252_icon_32,svgenius,z2,0,0.171,0.003,0.0,24,,
svgenius__page_723_阿里小蜜图标库_252_icon_32,svgenius,z4,0,0.059,0.001,0.0,23,,
svgenius__page_723_阿里小蜜图标库_252_icon_32,svgenius,hd,0,0.035,0.0,0.0,23,,
svgenius__page_724_群蜂商家助手APP_228_icon_21,svgenius,z1,0,0.909,0.401,0.0,78,0.401,0.0
svgenius__page_724_群蜂商家助手APP_228_icon_21,svgenius,z2,0,1.221,0.423,0.0,61,,
svgenius__page_724_群蜂商家助手APP_228_icon_21,svgenius,z4,0,0.84,0.181,0.0,47,,
svgenius__page_724_群蜂商家助手APP_228_icon_21,svgenius,hd,0,0.239,0.084,0.0,71,,
svgenius__page_72_32位像素风emoji_39823_icon_13,svgenius,z1,0,1.068,0.805,0.0,57,0.804,0.0
svgenius__page_72_32位像素风emoji_39823_icon_13,svgenius,z2,0,0.972,0.718,0.0,57,,
svgenius__page_72_32位像素风emoji_39823_icon_13,svgenius,z4,0,0.0,0.0,0.0,0,,
svgenius__page_72_32位像素风emoji_39823_icon_13,svgenius,hd,0,0.318,0.249,0.0,57,,
svgenius__page_72_工作台_39755_icon_36,svgenius,z1,3,0.094,0.008,0.0,32,0.009,0.002
svgenius__page_72_工作台_39755_icon_36,svgenius,z2,3,0.272,0.012,0.0,33,,
svgenius__page_72_工作台_39755_icon_36,svgenius,z4,3,0.144,0.012,0.0,34,,
svgenius__page_72_工作台_39755_icon_36,svgenius,hd,3,0.046,0.002,0.0,33,,
svgenius__page_72_通用圆滚滚彩色图标_39764_icon_8,svgenius,z1,0,0.216,0.048,0.0,137,0.044,0.002
svgenius__page_72_通用圆滚滚彩色图标_39764_icon_8,svgenius,z2,0,0.286,0.054,0.0,74,,
svgenius__page_72_通用圆滚滚彩色图标_39764_icon_8,svgenius,z4,0,0.206,0.008,0.0,23,,
svgenius__page_72_通用圆滚滚彩色图标_39764_icon_8,svgenius,hd,0,0.096,0.025,0.0,86,,
svgenius__page_73_婚礼_39570_icon_12,svgenius,z1,0,0.559,0.051,0.0,135,0.047,0.0
svgenius__page_73_婚礼_39570_icon_12,svgenius,z2,0,0.849,0.084,0.0,135,,
svgenius__page_73_婚礼_39570_icon_12,svgenius,z4,0,1.191,0.015,0.0,32,,
svgenius__page_73_婚礼_39570_icon_12,svgenius,hd,0,0.204,0.016,0.0,136,,
svgenius__page_73_渐变通用图标库-圆滚滚_39658_icon_17,svgenius,z1,1,0.341,0.098,0.0,128,0.105,0.004
svgenius__page_73_渐变通用图标库-圆滚滚_39658_icon_17,svgenius,z2,1,0.514,0.089,0.0,71,,
svgenius__page_73_渐变通用图标库-圆滚滚_39658_icon_17,svgenius,z4,1,0.588,0.08,0.0,38,,
svgenius__page_73_渐变通用图标库-圆滚滚_39658_icon_17,svgenius,hd,1,0.11,0.031,0.0,129,,
svgenius__page_74_政务信息_39417_icon_48,svgenius,z1,0,0.697,0.184,0.0,85,0.205,0.068
svgenius__page_74_政务信息_39417_icon_48,svgenius,z2,0,1.177,0.459,0.0,65,,
svgenius__page_74_政务信息_39417_icon_48,svgenius,z4,0,0.654,0.222,0.0,53,,
svgenius__page_74_政务信息_39417_icon_48,svgenius,hd,0,0.2,0.076,0.0,70,,
svgenius__page_75_icon_45441_icon_14,svgenius,z1,0,0.75,0.582,0.0,255,0.58,0.02
svgenius__page_75_icon_45441_icon_14,svgenius,z2,0,1.48,0.38,0.0,255,,
svgenius__page_75_icon_45441_icon_14,svgenius,z4,0,1.188,0.727,0.0,255,,
svgenius__page_75_icon_45441_icon_14,svgenius,hd,0,0.232,0.122,0.0,255,,
svgenius__page_75_彩色半透明_平面_002_38979_icon_11,svgenius,z1,2,0.113,0.002,0.0,28,0.002,0.0
svgenius__page_75_彩色半透明_平面_002_38979_icon_11,svgenius,z2,2,0.182,0.038,0.0,43,,
svgenius__page_75_彩色半透明_平面_002_38979_icon_11,svgenius,z4,2,0.021,0.0,0.0,13,,
svgenius__page_75_彩色半透明_平面_002_38979_icon_11,svgenius,hd,2,0.043,0.005,0.0,39,,
svgenius__page_76_双色线性图标_38808_icon_10,svgenius,z1,0,0.415,0.133,0.0,60,0.135,0.02
svgenius__page_76_双色线性图标_38808_icon_10,svgenius,z2,0,1.105,0.668,0.0,81,,
svgenius__page_76_双色线性图标_38808_icon_10,svgenius,z4,0,0.448,0.367,0.0,46,,
svgenius__page_76_双色线性图标_38808_icon_10,svgenius,hd,0,0.127,0.038,0.0,59,,
svgenius__page_78_互联网常用_38294_icon_5,svgenius,z1,0,0.486,0.14,0.0,55,0.152,0.053
svgenius__page_78_互联网常用_38294_icon_5,svgenius,z2,0,0.874,0.222,0.0,52,,
svgenius__page_78_互联网常用_38294_icon_5,svgenius,z4,0,0.699,0.17,0.0,52,,
svgenius__page_78_互联网常用_38294_icon_5,svgenius,hd,0,0.188,0.053,0.0,60,,
svgenius__page_78_功能图标_38559_icon_25,svgenius,z1,0,0.686,0.278,0.0,121,0.283,0.001
svgenius__page_78_功能图标_38559_icon_25,svgenius,z2,0,0.779,0.189,0.0,65,,
svgenius__page_78_功能图标_38559_icon_25,svgenius,z4,0,0.8,0.288,0.0,70,,
svgenius__page_78_功能图标_38559_icon_25,svgenius,hd,0,0.233,0.092,0.0,82,,
svgenius__page_78_新年图标-春节图标_38307_icon_16,svgenius,z1,0,0.707,0.216,0.0,99,0.223,0.043
svgenius__page_78_新年图标-春节图标_38307_icon_16,svgenius,z2,0,0.989,0.242,0.0,115,,
svgenius__page_78_新年图标-春节图标_38307_icon_16,svgenius,z4,0,0.783,0.203,0.0,66,,
svgenius__page_78_新年图标-春节图标_38307_icon_16,svgenius,hd,0,0.212,0.046,0.0,73,,
svgenius__page_78_日常生活精美图标集_38501_icon_35,svgenius,z1,0,0.769,0.167,0.0,66,0.212,0.161
svgenius__page_78_日常生活精美图标集_38501_icon_35,svgenius,z2,0,1.699,0.502,0.0,44,,
svgenius__page_78_日常生活精美图标集_38501_icon_35,svgenius,z4,0,1.237,0.64,0.0,59,,
svgenius__page_78_日常生活精美图标集_38501_icon_35,svgenius,hd,0,0.23,0.062,0.0,53,,
svgenius__page_79_教育_38133_icon_14,svgenius,z1,0,0.64,0.328,0.0,244,0.324,0.002
svgenius__page_79_教育_38133_icon_14,svgenius,z2,0,1.275,0.694,0.0,218,,
svgenius__page_79_教育_38133_icon_14,svgenius,z4,0,1.344,0.699,0.0,239,,
svgenius__page_79_教育_38133_icon_14,svgenius,hd,0,0.19,0.1,0.0,227,,
svgenius__page_79_易魔方常用面性图标库_38236_icon_40,svgenius,z1,0,0.51,0.256,0.0,49,0.268,0.062
svgenius__page_79_易魔方常用面性图标库_38236_icon_40,svgenius,z2,0,0.747,0.212,0.0,61,,
svgenius__page_79_易魔方常用面性图标库_38236_icon_40,svgenius,z4,0,1.049,0.257,0.0,39,,
svgenius__page_79_易魔方常用面性图标库_38236_icon_40,svgenius,hd,0,0.181,0.058,0.0,76,,
svgenius__page_79_漫威英雄_38147_icon_15,svgenius,z1,0,2.718,2.135,0.0008,93,2.13,0.0
svgenius__page_79_漫威英雄_38147_icon_15,svgenius,z2,0,4.658,3.263,0.0,86,,
svgenius__page_79_漫威英雄_38147_icon_15,svgenius,z4,0,2.538,1.077,0.0,78,,
svgenius__page_79_漫威英雄_38147_icon_15,svgenius,hd,0,0.308,0.084,0.0,84,,
svgenius__page_7_bold_icon_50342_icon_574,svgenius,z1,0,0.47,0.246,0.0,94,0.235,0.099
svgenius__page_7_bold_icon_50342_icon_574,svgenius,z2,0,0.477,0.133,0.0,61,,
svgenius__page_7_bold_icon_50342_icon_574,svgenius,z4,0,0.61,0.374,0.0,77,,
svgenius__page_7_bold_icon_50342_icon_574,svgenius,hd,0,0.132,0.042,0.0,106,,
svgenius__page_7_生肖星座图标_49601_icon_23,svgenius,z1,0,0.941,0.4,0.0,90,0.414,0.008
svgenius__page_7_生肖星座图标_49601_icon_23,svgenius,z2,0,1.561,0.803,0.0,98,,
svgenius__page_7_生肖星座图标_49601_icon_23,svgenius,z4,0,1.696,0.868,0.0,116,,
svgenius__page_7_生肖星座图标_49601_icon_23,svgenius,hd,0,0.307,0.155,0.0,112,,
svgenius__page_7_职业人物头像_49465_icon_14,svgenius,z1,0,1.253,0.994,0.0,244,0.994,0.047
svgenius__page_7_职业人物头像_49465_icon_14,svgenius,z2,0,1.518,1.164,0.0,189,,
svgenius__page_7_职业人物头像_49465_icon_14,svgenius,z4,0,0.346,0.127,0.0,119,,
svgenius__page_7_职业人物头像_49465_icon_14,svgenius,hd,0,0.16,0.053,0.0,190,,
svgenius__page_7_花_49471_icon_9,svgenius,z1,3,0.487,0.135,0.0,116,0.125,0.0
svgenius__page_7_花_49471_icon_9,svgenius,z2,3,0.602,0.135,0.0,119,,
svgenius__page_7_花_49471_icon_9,svgenius,z4,3,0.666,0.12,0.0,124,,
svgenius__page_7_花_49471_icon_9,svgenius,hd,3,0.131,0.034,0.0,123,,
svgenius__page_80_艾森思GIS地图点位图标库_38090_icon_73,svgenius,z1,0,0.896,0.282,0.0,75,0.426,0.481
svgenius__page_80_艾森思GIS地图点位图标库_38090_icon_73,svgenius,z2,0,1.297,0.47,0.0,83,,
svgenius__page_80_艾森思GIS地图点位图标库_38090_icon_73,svgenius,z4,0,0.64,0.211,0.0,63,,
svgenius__page_80_艾森思GIS地图点位图标库_38090_icon_73,svgenius,hd,0,0.301,0.106,0.0,72,,
svgenius__page_81_横切面水果图标_37754_icon_13,svgenius,z1,0,1.118,0.423,0.0,105,0.441,0.452
svgenius__page_81_横切面水果图标_37754_icon_13,svgenius,z2,0,0.984,0.155,0.0,96,,
svgenius__page_81_横切面水果图标_37754_icon_13,svgenius,z4,0,0.396,0.043,0.0,28,,
svgenius__page_81_横切面水果图标_37754_icon_13,svgenius,hd,0,0.266,0.07,0.0,68,,
svgenius__page_81_横切面水果图标_37754_icon_17,svgenius,z1,0,0.87,0.241,0.0,64,0.273,0.446
svgenius__page_81_横切面水果图标_37754_icon_17,svgenius,z2,0,0.919,0.167,0.0,62,,
svgenius__page_81_横切面水果图标_37754_icon_17,svgenius,z4,0,0.237,0.004,0.0,22,,
svgenius__page_81_横切面水果图标_37754_icon_17,svgenius,hd,0,0.301,0.087,0.0,68,,
svgenius__page_82_social-logo_37550_icon_15,svgenius,z1,0,0.278,0.146,0.0,69,0.152,0.021
svgenius__page_82_social-logo_37550_icon_15,svgenius,z2,0,0.419,0.186,0.0,79,,
svgenius__page_82_social-logo_37550_icon_15,svgenius,z4,0,0.532,0.395,0.0,175,,
svgenius__page_82_social-logo_37550_icon_15,svgenius,hd,0,0.091,0.055,0.0,194,,
svgenius__page_83_fontawsome6.4_44746_icon_351,svgenius,z1,0,0.431,0.178,0.0,50,0.284,0.261
svgenius__page_83_fontawsome6.4_44746_icon_351,svgenius,z2,0,0.406,0.131,0.0,64,,
svgenius__page_83_fontawsome6.4_44746_icon_351,svgenius,z4,0,0.109,0.018,0.0,25,,
svgenius__page_83_fontawsome6.4_44746_icon_351,svgenius,hd,0,0.151,0.081,0.0,74,,
svgenius__page_84_下午茶美食图标icon_37238_icon_32,svgenius,z1,0,0.576,0.106,0.0,105,0.106,0.002
svgenius__page_84_下午茶美食图标icon_37238_icon_32,svgenius,z2,0,1.055,0.22,0.0,99,,
svgenius__page_84_下午茶美食图标icon_37238_icon_32,svgenius,z4,0,0.454,0.039,0.0,34,,
svgenius__page_84_下午茶美食图标icon_37238_icon_32,svgenius,hd,0,0.181,0.021,0.0,49,,
svgenius__page_84_食物元素_37310_icon_33,svgenius,z1,0,0.376,0.084,0.0,60,0.089,0.004
svgenius__page_84_食物元素_37310_icon_33,svgenius,z2,0,0.214,0.023,0.0,60,,
svgenius__page_84_食物元素_37310_icon_33,svgenius,z4,0,0.1,0.002,0.0,26,,
svgenius__page_84_食物元素_37310_icon_33,svgenius,hd,0,0.066,0.005,0.0,48,,
svgenius__page_87_食物图标_36583_icon_12,svgenius,z1,0,0.712,0.151,0.0,56,0.151,0.0
svgenius__page_87_食物图标_36583_icon_12,svgenius,z2,0,1.543,0.497,0.0,73,,
svgenius__page_87_食物图标_36583_icon_12,svgenius,z4,0,1.769,0.406,0.0,61,,
svgenius__page_87_食物图标_36583_icon_12,svgenius,hd,0,0.248,0.075,0.0,63,,
svgenius__page_88_化妆品_36497_icon_2,svgenius,z1,0,1.441,0.767,0.0,82,0.766,0.006
svgenius__page_88_化妆品_36497_icon_2,svgenius,z2,0,1.685,0.89,0.0,84,,
svgenius__page_88_化妆品_36497_icon_2,svgenius,z4,0,1.615,0.735,0.0,55,,
svgenius__page_88_化妆品_36497_icon_2,svgenius,hd,0,0.415,0.2,0.0,84,,
svgenius__page_88_天气icon_36256_icon_11,svgenius,z1,0,0.241,0.025,0.0,47,0.036,0.034
svgenius__page_88_天气icon_36256_icon_11,svgenius,z2,0,0.425,0.007,0.0,24,,
svgenius__page_88_天气icon_36256_icon_11,svgenius,z4,0,0.0,0.0,0.0,6,,
svgenius__page_88_天气icon_36256_icon_11,svgenius,hd,0,0.069,0.003,0.0,45,,
svgenius__page_89_线性旅行图标_36037_icon_19,svgenius,z1,0,1.002,0.21,0.0,85,0.217,0.0
svgenius__page_89_线性旅行图标_36037_icon_19,svgenius,z2,0,1.366,0.196,0.0,55,,
svgenius__page_89_线性旅行图标_36037_icon_19,svgenius,z4,0,1.018,0.253,0.0,77,,
svgenius__page_89_线性旅行图标_36037_icon_19,svgenius,hd,0,0.271,0.045,0.0,63,,
svgenius__page_89_线性旅行图标_36037_icon_30,svgenius,z1,0,0.73,0.133,0.0,60,0.133,0.005
svgenius__page_89_线性旅行图标_36037_icon_30,svgenius,z2,0,1.423,0.357,0.0,62,,
svgenius__page_89_线性旅行图标_36037_icon_30,svgenius,z4,0,1.358,0.287,0.0,46,,
svgenius__page_89_线性旅行图标_36037_icon_30,svgenius,hd,0,0.226,0.057,0.0,79,,
svgenius__page_8_NutUI-icon_50281_icon_42,svgenius,z1,0,0.599,0.295,0.0,56,0.339,0.12
svgenius__page_8_NutUI-icon_50281_icon_42,svgenius,z2,0,0.669,0.477,0.0,73,,
svgenius__page_8_NutUI-icon_50281_icon_42,svgenius,z4,0,0.232,0.055,0.0,62,,
svgenius__page_8_NutUI-icon_50281_icon_42,svgenius,hd,0,0.191,0.142,0.0,89,,
svgenius__page_8_黄蓝粉配色_49379_icon_10,svgenius,z1,0,0.666,0.325,0.0,115,0.344,0.197
svgenius__page_8_黄蓝粉配色_49379_icon_10,svgenius,z2,0,0.992,0.33,0.0,92,,
svgenius__page_8_黄蓝粉配色_49379_icon_10,svgenius,z4,0,0.927,0.252,0.0,79,,
svgenius__page_8_黄蓝粉配色_49379_icon_10,svgenius,hd,0,0.195,0.081,0.0,101,,
svgenius__page_90_smart_home_35874_icon_3,svgenius,z1,0,0.461,0.01,0.0,36,0.03,0.025
svgenius__page_90_smart_home_35874_icon_3,svgenius,z2,0,0.835,0.028,0.0,37,,
svgenius__page_90_smart_home_35874_icon_3,svgenius,z4,0,0.769,0.0,0.0,18,,
svgenius__page_90_smart_home_35874_icon_3,svgenius,hd,0,0.079,0.003,0.0,38,,
svgenius__page_92_infiray_35332_icon_1,svgenius,z1,0,0.347,0.041,0.0,92,0.041,0.0
svgenius__page_92_infiray_35332_icon_1,svgenius,z2,0,0.861,0.475,0.0,85,,
svgenius__page_92_infiray_35332_icon_1,svgenius,z4,0,0.591,0.336,0.0,89,,
svgenius__page_92_infiray_35332_icon_1,svgenius,hd,0,0.144,0.047,0.0,89,,
svgenius__page_92_教育_35436_icon_17,svgenius,z1,0,0.453,0.074,0.0,109,0.09,0.008
svgenius__page_92_教育_35436_icon_17,svgenius,z2,0,0.339,0.028,0.0,100,,
svgenius__page_92_教育_35436_icon_17,svgenius,z4,0,0.151,0.023,0.0,28,,
svgenius__page_92_教育_35436_icon_17,svgenius,hd,0,0.111,0.009,0.0,63,,
svgenius__page_92_教育_35436_icon_5,svgenius,z1,0,0.607,0.079,0.0,126,0.247,0.189
svgenius__page_92_教育_35436_icon_5,svgenius,z2,0,0.87,0.093,0.0,135,,
svgenius__page_92_教育_35436_icon_5,svgenius,z4,0,0.466,0.049,0.0,50,,
svgenius__page_92_教育_35436_icon_5,svgenius,hd,0,0.21,0.043,0.0,65,,
svgenius__page_92_线性游戏兴趣爱好_35314_icon_5,svgenius,z1,0,1.301,0.282,0.0,75,0.279,0.001
svgenius__page_92_线性游戏兴趣爱好_35314_icon_5,svgenius,z2,0,2.378,0.621,0.0,55,,
svgenius__page_92_线性游戏兴趣爱好_35314_icon_5,svgenius,z4,0,1.594,0.545,0.0,45,,
svgenius__page_92_线性游戏兴趣爱好_35314_icon_5,svgenius,hd,0,0.374,0.046,0.0,62,,
svgenius__page_92_美妆图标_35312_icon_6,svgenius,z1,2,0.404,0.126,0.0,55,0.068,0.108
svgenius__page_92_美妆图标_35312_icon_6,svgenius,z2,2,0.538,0.258,0.0,59,,
svgenius__page_92_美妆图标_35312_icon_6,svgenius,z4,2,0.284,0.057,0.0,51,,
svgenius__page_92_美妆图标_35312_icon_6,svgenius,hd,2,0.122,0.021,0.0,68,,
svgenius__page_93_基础线性萌萌图标--第三弹_44100_icon_2,svgenius,z1,0,0.225,0.106,0.0,60,0.106,0.0
svgenius__page_93_基础线性萌萌图标--第三弹_44100_icon_2,svgenius,z2,0,0.305,0.111,0.0,91,,
svgenius__page_93_基础线性萌萌图标--第三弹_44100_icon_2,svgenius,z4,0,0.081,0.041,0.0,55,,
svgenius__page_93_基础线性萌萌图标--第三弹_44100_icon_2,svgenius,hd,0,0.131,0.041,0.0,85,,
svgenius__page_93_男装_35256_icon_17,svgenius,z1,0,1.5,1.045,0.0,111,1.039,0.018
svgenius__page_93_男装_35256_icon_17,svgenius,z2,0,1.315,0.574,0.0,77,,
svgenius__page_93_男装_35256_icon_17,svgenius,z4,0,0.268,0.069,0.0,79,,
svgenius__page_93_男装_35256_icon_17,svgenius,hd,0,0.276,0.123,0.0,103,,
svgenius__page_93_美妆_35254_icon_0,svgenius,z1,0,0.026,0.005,0.0,24,0.003,0.001
svgenius__page_93_美妆_35254_icon_0,svgenius,z2,0,0.027,0.006,0.0,30,,
svgenius__page_93_美妆_35254_icon_0,svgenius,z4,0,0.048,0.008,0.0,30,,
svgenius__page_93_美妆_35254_icon_0,svgenius,hd,0,0.008,0.001,0.0,29,,
svgenius__page_95_手绘人物_34981_icon_43,svgenius,z1,2,0.997,0.239,0.0,81,0.25,0.028
svgenius__page_95_手绘人物_34981_icon_43,svgenius,z2,2,1.416,0.441,0.0,66,,
svgenius__page_95_手绘人物_34981_icon_43,svgenius,z4,2,0.827,0.244,0.0,66,,
svgenius__page_95_手绘人物_34981_icon_43,svgenius,hd,2,0.325,0.098,0.0,85,,
svgenius__page_95_手绘人物_34981_icon_5,svgenius,z1,1,0.645,0.19,0.0,98,0.205,0.054
svgenius__page_95_手绘人物_34981_icon_5,svgenius,z2,1,1.188,0.298,0.0,73,,
svgenius__page_95_手绘人物_34981_icon_5,svgenius,z4,1,1.692,0.587,0.0,221,,
svgenius__page_95_手绘人物_34981_icon_5,svgenius,hd,1,0.179,0.046,0.0,190,,
svgenius__page_97_女装_34396_icon_12,svgenius,z1,0,0.653,0.322,0.0,207,0.33,0.011
svgenius__page_97_女装_34396_icon_12,svgenius,z2,0,0.987,0.566,0.0,200,,
svgenius__page_97_女装_34396_icon_12,svgenius,z4,0,0.878,0.454,0.0,103,,
svgenius__page_97_女装_34396_icon_12,svgenius,hd,0,0.236,0.125,0.0,169,,
svgenius__page_98_GIS地图图标_34378_icon_162,svgenius,z1,0,0.518,0.184,0.0,165,0.162,0.038
svgenius__page_98_GIS地图图标_34378_icon_162,svgenius,z2,0,0.763,0.229,0.0,211,,
svgenius__page_98_GIS地图图标_34378_icon_162,svgenius,z4,0,0.716,0.21,0.0,127,,
svgenius__page_98_GIS地图图标_34378_icon_162,svgenius,hd,0,0.147,0.033,0.0,201,,
svgenius__page_98_客户服务彩色图标_34253_icon_70,svgenius,z1,0,1.466,0.216,0.0,86,0.217,0.003
svgenius__page_98_客户服务彩色图标_34253_icon_70,svgenius,z2,0,2.48,0.259,0.0,56,,
svgenius__page_98_客户服务彩色图标_34253_icon_70,svgenius,z4,0,1.585,0.002,0.0,21,,
svgenius__page_98_客户服务彩色图标_34253_icon_70,svgenius,hd,0,0.522,0.1,0.0,74,,
svgenius__page_98_牙齿类彩色图标_34256_icon_45,svgenius,z1,0,0.777,0.171,0.0,65,0.282,0.068
svgenius__page_98_牙齿类彩色图标_34256_icon_45,svgenius,z2,0,1.444,0.342,0.0,74,,
svgenius__page_98_牙齿类彩色图标_34256_icon_45,svgenius,z4,0,1.564,0.343,0.0,67,,
svgenius__page_98_牙齿类彩色图标_34256_icon_45,svgenius,hd,0,0.312,0.089,0.0,88,,
svgenius__page_98_牙齿类彩色图标_34256_icon_56,svgenius,z1,0,0.822,0.12,0.0,57,0.217,0.08
svgenius__page_98_牙齿类彩色图标_34256_icon_56,svgenius,z2,0,1.369,0.227,0.0,58,,
svgenius__page_98_牙齿类彩色图标_34256_icon_56,svgenius,z4,0,0.988,0.366,0.0,57,,
svgenius__page_98_牙齿类彩色图标_34256_icon_56,svgenius,hd,0,0.272,0.049,0.0,77,,
svgenius__page_99_双色圆角图标_34224_icon_72,svgenius,z1,0,0.369,0.153,0.0,59,0.145,0.12
svgenius__page_99_双色圆角图标_34224_icon_72,svgenius,z2,0,0.44,0.189,0.0,50,,
svgenius__page_99_双色圆角图标_34224_icon_72,svgenius,z4,0,0.493,0.232,0.0,85,,
svgenius__page_99_双色圆角图标_34224_icon_72,svgenius,hd,0,0.099,0.038,0.0,67,,
svgenius__服务logo_46449_icon_16,svgenius,z1,0,0.424,0.184,0.0,229,0.177,0.0
svgenius__服务logo_46449_icon_16,svgenius,z2,0,0.512,0.165,0.0,175,,
svgenius__服务logo_46449_icon_16,svgenius,z4,0,0.593,0.242,0.0,140,,
svgenius__服务logo_46449_icon_16,svgenius,hd,0,0.119,0.049,0.0,231,,
tiger__Ghostscript_Tiger,tiger,z1,0,4.899,2.746,0.0025,251,2.742,0.023
tiger__Ghostscript_Tiger,tiger,z2,0,7.847,3.908,0.0,241,,
tiger__Ghostscript_Tiger,tiger,z4,0,6.331,2.987,0.0,240,,
tiger__Ghostscript_Tiger,tiger,hd,0,1.701,0.737,0.0,255,,
corpus__wpt__framed__clip-path-clip-nested-twice,wpt,z1,0,17.87,17.87,16.2575,255,17.87,0.0
corpus__wpt__framed__clip-path-clip-nested-twice,wpt,z2,0,46.926,46.926,44.7157,255,,
corpus__wpt__framed__clip-path-clip-nested-twice,wpt,z4,0,13.043,13.043,12.1739,255,,
corpus__wpt__framed__clip-path-clip-nested-twice,wpt,hd,0,30.111,30.111,29.6159,255,,
corpus__wpt__framed__clip-path-square-002-ref,wpt,z1,0,0.0,0.0,0.0,0,0.0,0.0
corpus__wpt__framed__clip-path-square-002-ref,wpt,z2,0,0.0,0.0,0.0,0,,
corpus__wpt__framed__clip-path-square-002-ref,wpt,z4,0,0.0,0.0,0.0,0,,
corpus__wpt__framed__clip-path-square-002-ref,wpt,hd,0,0.0,0.0,0.0,0,,
corpus__wpt__framed__mask-and-nested-clip-path,wpt,z1,1,3.756,3.756,3.3186,255,3.811,0.055
corpus__wpt__framed__mask-and-nested-clip-path,wpt,z2,1,15.125,15.125,14.1304,255,,
corpus__wpt__framed__mask-and-nested-clip-path,wpt,z4,1,21.087,21.087,20.2174,255,,
corpus__wpt__framed__mask-and-nested-clip-path,wpt,hd,1,6.25,6.25,6.1119,255,,
corpus__wpt__framed__mask-and-nested-clip-path-ref,wpt,z1,0,0.003,0.003,0.0,57,0.003,0.0
corpus__wpt__framed__mask-and-nested-clip-path-ref,wpt,z2,0,0.003,0.003,0.0,56,,
corpus__wpt__framed__mask-and-nested-clip-path-ref,wpt,z4,0,0.0,0.0,0.0,0,,
corpus__wpt__framed__mask-and-nested-clip-path-ref,wpt,hd,0,0.0,0.0,0.0,0,,
corpus__wpt__framed__mask-content-clip-001-ref,wpt,z1,1,0.146,0.048,0.0,53,0.013,0.052
corpus__wpt__framed__mask-content-clip-001-ref,wpt,z2,1,0.302,0.098,0.0,56,,
corpus__wpt__framed__mask-content-clip-001-ref,wpt,z4,1,0.295,0.099,0.0,49,,
corpus__wpt__framed__mask-content-clip-001-ref,wpt,hd,1,0.054,0.022,0.0,61,,
corpus__wpt__framed__mask-content-clip-002-ref,wpt,z1,1,0.148,0.046,0.0,55,0.013,0.052
corpus__wpt__framed__mask-content-clip-002-ref,wpt,z2,1,0.264,0.099,0.0,54,,
corpus__wpt__framed__mask-content-clip-002-ref,wpt,z4,1,0.141,0.036,0.0,44,,
corpus__wpt__framed__mask-content-clip-002-ref,wpt,hd,1,0.043,0.01,0.0,45,,
corpus__wpt__framed__mask-green-square-001-ref,wpt,z1,0,0.0,0.0,0.0,0,0.0,0.0
corpus__wpt__framed__mask-green-square-001-ref,wpt,z2,0,0.0,0.0,0.0,0,,
corpus__wpt__framed__mask-green-square-001-ref,wpt,z4,0,0.0,0.0,0.0,0,,
corpus__wpt__framed__mask-green-square-001-ref,wpt,hd,0,0.0,0.0,0.0,0,,
corpus__wpt__framed__mask-negative-scale,wpt,z1,4,0.0,0.0,0.0,0,0.0,0.0
corpus__wpt__framed__mask-negative-scale,wpt,z2,4,0.0,0.0,0.0,0,,
corpus__wpt__framed__mask-negative-scale,wpt,z4,4,0.0,0.0,0.0,0,,
corpus__wpt__framed__mask-negative-scale,wpt,hd,4,0.0,0.0,0.0,0,,
corpus__wpt__framed__mask-negative-scale-001-ref,wpt,z1,0,0.0,0.0,0.0,0,0.0,0.0
corpus__wpt__framed__mask-negative-scale-001-ref,wpt,z2,0,0.0,0.0,0.0,0,,
corpus__wpt__framed__mask-negative-scale-001-ref,wpt,z4,0,0.0,0.0,0.0,0,,
corpus__wpt__framed__mask-negative-scale-001-ref,wpt,hd,0,0.0,0.0,0.0,0,,
corpus__wpt__framed__mask-nested-clip-path-001,wpt,z1,1,21.405,21.405,18.4615,255,21.405,0.0
corpus__wpt__framed__mask-nested-clip-path-001,wpt,z2,1,50.836,50.836,47.9532,255,,
corpus__wpt__framed__mask-nested-clip-path-001,wpt,z4,1,74.916,74.916,73.5753,255,,
corpus__wpt__framed__mask-nested-clip-path-001,wpt,hd,1,36.0,36.0,35.2909,255,,
corpus__wpt__framed__mask-nested-clip-path-001-ref,wpt,z1,0,0.0,0.0,0.0,0,0.0,0.0
corpus__wpt__framed__mask-nested-clip-path-001-ref,wpt,z2,0,0.0,0.0,0.0,0,,
corpus__wpt__framed__mask-nested-clip-path-001-ref,wpt,z4,0,0.0,0.0,0.0,0,,
corpus__wpt__framed__mask-nested-clip-path-001-ref,wpt,hd,0,0.0,0.0,0.0,0,,
corpus__wpt__framed__mask-nested-clip-path-002,wpt,z1,2,0.0,0.0,0.0,0,0.0,0.0
corpus__wpt__framed__mask-nested-clip-path-002,wpt,z2,2,0.0,0.0,0.0,0,,
corpus__wpt__framed__mask-nested-clip-path-002,wpt,z4,2,0.0,0.0,0.0,0,,
corpus__wpt__framed__mask-nested-clip-path-002,wpt,hd,2,0.0,0.0,0.0,0,,
corpus__wpt__framed__mask-nested-clip-path-002-ref,wpt,z1,0,0.0,0.0,0.0,0,0.0,0.0
corpus__wpt__framed__mask-nested-clip-path-002-ref,wpt,z2,0,0.0,0.0,0.0,0,,
corpus__wpt__framed__mask-nested-clip-path-002-ref,wpt,z4,0,0.0,0.0,0.0,0,,
corpus__wpt__framed__mask-nested-clip-path-002-ref,wpt,hd,0,0.0,0.0,0.0,0,,
corpus__wpt__framed__mask-nested-clip-path-003,wpt,z1,4,0.0,0.0,0.0,0,0.0,0.0
corpus__wpt__framed__mask-nested-clip-path-003,wpt,z2,4,0.0,0.0,0.0,0,,
corpus__wpt__framed__mask-nested-clip-path-003,wpt,z4,4,0.0,0.0,0.0,0,,
corpus__wpt__framed__mask-nested-clip-path-003,wpt,hd,4,0.0,0.0,0.0,0,,
corpus__wpt__framed__mask-nested-clip-path-003-ref,wpt,z1,0,0.0,0.0,0.0,1,0.0,0.0
corpus__wpt__framed__mask-nested-clip-path-003-ref,wpt,z2,0,0.0,0.0,0.0,0,,
corpus__wpt__framed__mask-nested-clip-path-003-ref,wpt,z4,0,0.0,0.0,0.0,0,,
corpus__wpt__framed__mask-nested-clip-path-003-ref,wpt,hd,0,0.0,0.0,0.0,1,,
corpus__wpt__framed__mask-nested-clip-path-004,wpt,z1,1,21.405,21.405,18.4615,255,21.405,0.0
corpus__wpt__framed__mask-nested-clip-path-004,wpt,z2,1,50.836,50.836,47.9532,255,,
corpus__wpt__framed__mask-nested-clip-path-004,wpt,z4,1,74.916,74.916,73.5753,255,,
corpus__wpt__framed__mask-nested-clip-path-004,wpt,hd,1,36.0,36.0,35.2909,255,,
corpus__wpt__framed__mask-nested-clip-path-005,wpt,z1,1,21.405,21.405,18.4615,255,21.405,0.0
corpus__wpt__framed__mask-nested-clip-path-005,wpt,z2,1,50.836,50.836,47.9532,255,,
corpus__wpt__framed__mask-nested-clip-path-005,wpt,z4,1,74.916,74.916,73.5753,255,,
corpus__wpt__framed__mask-nested-clip-path-005,wpt,hd,1,36.0,36.0,35.2909,255,,
corpus__wpt__framed__mask-nested-clip-path-006,wpt,z1,1,21.405,21.405,18.4615,255,21.405,0.0
corpus__wpt__framed__mask-nested-clip-path-006,wpt,z2,1,50.836,50.836,47.9532,255,,
corpus__wpt__framed__mask-nested-clip-path-006,wpt,z4,1,74.916,74.916,73.5753,255,,
corpus__wpt__framed__mask-nested-clip-path-006,wpt,hd,1,36.0,36.0,35.2909,255,,
corpus__wpt__framed__mask-nested-clip-path-007,wpt,z1,1,21.405,21.405,18.4615,255,21.405,0.0
corpus__wpt__framed__mask-nested-clip-path-007,wpt,z2,1,50.836,50.836,47.9532,255,,
corpus__wpt__framed__mask-nested-clip-path-007,wpt,z4,1,74.916,74.916,73.5753,255,,
corpus__wpt__framed__mask-nested-clip-path-007,wpt,hd,1,36.0,36.0,35.2909,255,,
corpus__wpt__framed__mask-nested-clip-path-008,wpt,z1,1,21.405,21.405,18.4615,255,21.405,0.0
corpus__wpt__framed__mask-nested-clip-path-008,wpt,z2,1,50.836,50.836,47.9532,255,,
corpus__wpt__framed__mask-nested-clip-path-008,wpt,z4,1,74.916,74.916,73.5753,255,,
corpus__wpt__framed__mask-nested-clip-path-008,wpt,hd,1,36.0,36.0,35.2909,255,,
corpus__wpt__framed__mask-nested-clip-path-009,wpt,z1,1,21.405,21.405,18.4615,255,21.405,0.0
corpus__wpt__framed__mask-nested-clip-path-009,wpt,z2,1,50.836,50.836,47.9532,255,,
corpus__wpt__framed__mask-nested-clip-path-009,wpt,z4,1,74.916,74.916,73.5753,255,,
corpus__wpt__framed__mask-nested-clip-path-009,wpt,hd,1,36.0,36.0,35.2909,255,,
corpus__wpt__framed__mask-nested-clip-path-010,wpt,z1,3,0.0,0.0,0.0,0,0.0,0.0
corpus__wpt__framed__mask-nested-clip-path-010,wpt,z2,3,0.0,0.0,0.0,0,,
corpus__wpt__framed__mask-nested-clip-path-010,wpt,z4,3,0.0,0.0,0.0,0,,
corpus__wpt__framed__mask-nested-clip-path-010,wpt,hd,3,0.0,0.0,0.0,1,,
corpus__wpt__framed__mask-nested-clip-path-panning-001,wpt,z1,2,0.0,0.0,0.0,0,0.0,0.0
corpus__wpt__framed__mask-nested-clip-path-panning-001,wpt,z2,2,0.0,0.0,0.0,0,,
corpus__wpt__framed__mask-nested-clip-path-panning-001,wpt,z4,2,0.0,0.0,0.0,0,,
corpus__wpt__framed__mask-nested-clip-path-panning-001,wpt,hd,2,0.0,0.0,0.0,0,,
corpus__wpt__framed__mask-nested-clip-path-panning-002,wpt,z1,4,0.0,0.0,0.0,0,0.0,0.0
corpus__wpt__framed__mask-nested-clip-path-panning-002,wpt,z2,4,0.0,0.0,0.0,0,,
corpus__wpt__framed__mask-nested-clip-path-panning-002,wpt,z4,4,0.0,0.0,0.0,0,,
corpus__wpt__framed__mask-nested-clip-path-panning-002,wpt,hd,4,0.0,0.0,0.0,0,,
corpus__wpt__framed__mask-objectboundingbox-content-clip,wpt,z1,1,0.27,0.227,0.0,149,0.227,0.052
corpus__wpt__framed__mask-objectboundingbox-content-clip,wpt,z2,1,0.515,0.429,0.0,167,,
corpus__wpt__framed__mask-objectboundingbox-content-clip,wpt,z4,1,0.454,0.401,0.0,159,,
corpus__wpt__framed__mask-objectboundingbox-content-clip,wpt,hd,1,0.082,0.066,0.0,182,,
corpus__wpt__framed__mask-objectboundingbox-content-clip-transform,wpt,z1,1,0.27,0.227,0.0,149,0.227,0.052
corpus__wpt__framed__mask-objectboundingbox-content-clip-transform,wpt,z2,1,0.515,0.429,0.0,167,,
corpus__wpt__framed__mask-objectboundingbox-content-clip-transform,wpt,z4,1,0.454,0.401,0.0,159,,
corpus__wpt__framed__mask-objectboundingbox-content-clip-transform,wpt,hd,1,0.082,0.066,0.0,182,,
corpus__wpt__framed__mask-on-thin-stroked-path-userspaceonuse,wpt,z1,1,0.0,0.0,0.0,0,0.0,0.0
corpus__wpt__framed__mask-on-thin-stroked-path-userspaceonuse,wpt,z2,1,0.0,0.0,0.0,0,,
corpus__wpt__framed__mask-on-thin-stroked-path-userspaceonuse,wpt,z4,1,0.0,0.0,0.0,0,,
corpus__wpt__framed__mask-on-thin-stroked-path-userspaceonuse,wpt,hd,1,0.0,0.0,0.0,0,,
corpus__wpt__framed__mask-on-thin-stroked-path-userspaceonuse-ref,wpt,z1,0,0.0,0.0,0.0,0,0.0,0.0
corpus__wpt__framed__mask-on-thin-stroked-path-userspaceonuse-ref,wpt,z2,0,0.0,0.0,0.0,0,,
corpus__wpt__framed__mask-on-thin-stroked-path-userspaceonuse-ref,wpt,z4,0,0.0,0.0,0.0,0,,
corpus__wpt__framed__mask-on-thin-stroked-path-userspaceonuse-ref,wpt,hd,0,0.0,0.0,0.0,0,,
corpus__wpt__framed__mask-text-001,wpt,z1,1,0.431,0.416,0.0067,255,0.416,0.158
corpus__wpt__framed__mask-text-001,wpt,z2,1,1.458,1.401,0.3202,255,,
corpus__wpt__framed__mask-text-001,wpt,z4,1,2.335,2.307,1.1756,255,,
corpus__wpt__framed__mask-text-001,wpt,hd,1,0.47,0.465,0.2871,255,,
corpus__wpt__framed__mask-text-001-arial,wpt,z1,1,0.532,0.522,0.0251,255,0.522,0.0
corpus__wpt__framed__mask-text-001-arial,wpt,z2,1,1.763,1.736,0.5936,255,,
corpus__wpt__framed__mask-text-001-arial,wpt,z4,1,2.972,2.945,1.8027,255,,
corpus__wpt__framed__mask-text-001-arial,wpt,hd,1,0.611,0.606,0.4197,255,,
corpus__wpt__framed__mask-text-001-arial-ref,wpt,z1,0,0.524,0.502,0.0134,255,0.502,0.0
corpus__wpt__framed__mask-text-001-arial-ref,wpt,z2,0,1.747,1.705,0.5669,255,,
corpus__wpt__framed__mask-text-001-arial-ref,wpt,z4,0,2.952,2.89,1.7467,255,,
corpus__wpt__framed__mask-text-001-arial-ref,wpt,hd,0,0.609,0.599,0.4132,255,,
corpus__wpt__framed__mask-text-001-ref,wpt,z1,0,0.423,0.401,0.005,255,0.401,0.167
corpus__wpt__framed__mask-text-001-ref,wpt,z2,0,1.43,1.367,0.2968,255,,
corpus__wpt__framed__mask-text-001-ref,wpt,z4,0,2.316,2.287,1.1555,255,,
corpus__wpt__framed__mask-text-001-ref,wpt,hd,0,0.466,0.46,0.2824,255,,
corpus__wpt__framed__mask-userspaceonuse-content-clip,wpt,z1,1,0.27,0.227,0.0,149,0.227,0.052
corpus__wpt__framed__mask-userspaceonuse-content-clip,wpt,z2,1,0.515,0.429,0.0,167,,
corpus__wpt__framed__mask-userspaceonuse-content-clip,wpt,z4,1,0.454,0.401,0.0,159,,
corpus__wpt__framed__mask-userspaceonuse-content-clip,wpt,hd,1,0.082,0.066,0.0,182,,
corpus__wpt__framed__mask-userspaceonuse-content-clip-transform,wpt,z1,1,0.27,0.227,0.0,149,0.227,0.052
corpus__wpt__framed__mask-userspaceonuse-content-clip-transform,wpt,z2,1,0.515,0.429,0.0,167,,
corpus__wpt__framed__mask-userspaceonuse-content-clip-transform,wpt,z4,1,0.454,0.401,0.0,159,,
corpus__wpt__framed__mask-userspaceonuse-content-clip-transform,wpt,hd,1,0.082,0.066,0.0,182,,
corpus__wpt__framed__mask-with-filter,wpt,z1,2,0.0,0.0,0.0,0,0.0,0.0
corpus__wpt__framed__mask-with-filter,wpt,z2,2,0.0,0.0,0.0,0,,
corpus__wpt__framed__mask-with-filter,wpt,z4,2,0.0,0.0,0.0,0,,
corpus__wpt__framed__mask-with-filter,wpt,hd,2,0.0,0.0,0.0,0,,
corpus__wpt__refs__clip-path-square-002-ref,wpt,z1,0,6.652,6.652,5.7717,255,6.652,0.0
corpus__wpt__refs__clip-path-square-002-ref,wpt,z2,0,22.24,22.24,20.704,255,,
corpus__wpt__refs__clip-path-square-002-ref,wpt,z4,0,54.13,54.13,52.4967,255,,
corpus__wpt__refs__clip-path-square-002-ref,wpt,hd,0,10.938,10.938,10.6606,255,,
corpus__wpt__refs__mask-and-nested-clip-path-ref,wpt,z1,0,8.361,8.361,7.7057,255,8.361,0.0
corpus__wpt__refs__mask-and-nested-clip-path-ref,wpt,z2,0,21.739,21.739,20.6488,255,,
corpus__wpt__refs__mask-and-nested-clip-path-ref,wpt,z4,0,25.0,25.0,23.8094,255,,
corpus__wpt__refs__mask-and-nested-clip-path-ref,wpt,hd,0,14.062,14.062,13.8549,255,,
corpus__wpt__refs__mask-content-clip-001-ref,wpt,z1,1,12.855,12.834,11.8127,255,12.843,0.057
corpus__wpt__refs__mask-content-clip-001-ref,wpt,z2,1,39.575,39.528,37.7249,255,,
corpus__wpt__refs__mask-content-clip-001-ref,wpt,z4,1,82.452,82.422,80.9967,255,,
corpus__wpt__refs__mask-content-clip-001-ref,wpt,hd,1,21.385,21.379,21.0553,255,,
corpus__wpt__refs__mask-content-clip-002-ref,wpt,z1,1,12.855,12.829,11.8077,255,12.838,0.057
corpus__wpt__refs__mask-content-clip-002-ref,wpt,z2,1,39.575,39.526,37.7232,255,,
corpus__wpt__refs__mask-content-clip-002-ref,wpt,z4,1,82.45,82.419,80.9933,255,,
corpus__wpt__refs__mask-content-clip-002-ref,wpt,hd,1,21.383,21.375,21.0516,255,,
corpus__wpt__refs__mask-green-square-001-ref,wpt,z1,0,6.652,6.652,5.7717,255,6.652,0.0
corpus__wpt__refs__mask-green-square-001-ref,wpt,z2,0,22.24,22.24,20.704,255,,
corpus__wpt__refs__mask-green-square-001-ref,wpt,z4,0,54.13,54.13,52.4967,255,,
corpus__wpt__refs__mask-green-square-001-ref,wpt,hd,0,10.938,10.938,10.6606,255,,
corpus__wpt__refs__mask-negative-scale-001-ref,wpt,z1,0,19.064,19.064,16.301,255,19.064,0.0
corpus__wpt__refs__mask-negative-scale-001-ref,wpt,z2,0,53.512,53.512,49.5518,255,,
corpus__wpt__refs__mask-negative-scale-001-ref,wpt,z4,0,75.0,75.0,72.5786,255,,
corpus__wpt__refs__mask-negative-scale-001-ref,wpt,hd,0,32.062,32.062,31.2104,255,,
corpus__wpt__refs__mask-nested-clip-path-001-ref,wpt,z1,0,13.378,13.378,11.0569,255,13.378,0.0
corpus__wpt__refs__mask-nested-clip-path-001-ref,wpt,z2,0,41.472,41.472,37.9197,255,,
corpus__wpt__refs__mask-nested-clip-path-001-ref,wpt,z4,0,74.916,74.916,73.5753,255,,
corpus__wpt__refs__mask-nested-clip-path-001-ref,wpt,hd,0,22.5,22.5,21.755,255,,
corpus__wpt__refs__mask-nested-clip-path-002-ref,wpt,z1,0,17.645,17.645,15.1371,255,17.645,0.0
corpus__wpt__refs__mask-nested-clip-path-002-ref,wpt,z2,0,48.572,48.572,44.9799,255,,
corpus__wpt__refs__mask-nested-clip-path-002-ref,wpt,z4,0,80.029,80.029,78.8018,255,,
corpus__wpt__refs__mask-nested-clip-path-002-ref,wpt,hd,0,29.194,29.194,28.3939,255,,
corpus__wpt__refs__mask-nested-clip-path-003-ref,wpt,z1,0,0.0,0.0,0.0,0,0.0,0.0
corpus__wpt__refs__mask-nested-clip-path-003-ref,wpt,z2,0,0.0,0.0,0.0,0,,
corpus__wpt__refs__mask-nested-clip-path-003-ref,wpt,z4,0,0.0,0.0,0.0,0,,
corpus__wpt__refs__mask-nested-clip-path-003-ref,wpt,hd,0,0.0,0.0,0.0,36,,
corpus__wpt__refs__mask-on-thin-stroked-path-userspaceonuse-expected,wpt,z1,0,0.0,0.0,0.0,0,0.0,0.0
corpus__wpt__refs__mask-on-thin-stroked-path-userspaceonuse-expected,wpt,z2,0,0.0,0.0,0.0,0,,
corpus__wpt__refs__mask-on-thin-stroked-path-userspaceonuse-expected,wpt,z4,0,0.0,0.0,0.0,0,,
corpus__wpt__refs__mask-on-thin-stroked-path-userspaceonuse-expected,wpt,hd,0,0.0,0.0,0.0,0,,
corpus__wpt__refs__mask-on-thin-stroked-path-userspaceonuse-ref,wpt,z1,0,0.0,0.0,0.0,0,0.0,0.0
corpus__wpt__refs__mask-on-thin-stroked-path-userspaceonuse-ref,wpt,z2,0,0.0,0.0,0.0,0,,
corpus__wpt__refs__mask-on-thin-stroked-path-userspaceonuse-ref,wpt,z4,0,0.0,0.0,0.0,0,,
corpus__wpt__refs__mask-on-thin-stroked-path-userspaceonuse-ref,wpt,hd,0,0.0,0.0,0.0,0,,
corpus__wpt__refs__mask-text-001-ref,wpt,z1,0,0.423,0.401,0.005,255,0.401,0.167
corpus__wpt__refs__mask-text-001-ref,wpt,z2,0,1.43,1.367,0.2968,255,,
corpus__wpt__refs__mask-text-001-ref,wpt,z4,0,2.316,2.287,1.1555,255,,
corpus__wpt__refs__mask-text-001-ref,wpt,hd,0,0.466,0.46,0.2824,255,,
corpus__wpt__tests__clip-path-clip-nested-twice,wpt,z1,0,21.477,21.477,19.9992,255,21.477,0.0
corpus__wpt__tests__clip-path-clip-nested-twice,wpt,z2,0,61.925,61.925,60.0518,255,,
corpus__wpt__tests__clip-path-clip-nested-twice,wpt,z4,0,75.0,75.0,73.7926,255,,
corpus__wpt__tests__clip-path-clip-nested-twice,wpt,hd,0,36.149,36.149,35.6671,255,,
corpus__wpt__tests__mask-and-nested-clip-path,wpt,z1,1,7.564,7.564,6.903,255,7.564,0.0
corpus__wpt__tests__mask-and-nested-clip-path,wpt,z2,1,29.915,29.915,28.587,255,,
corpus__wpt__tests__mask-and-nested-clip-path,wpt,z4,1,79.13,79.13,78.2609,255,,
corpus__wpt__tests__mask-and-nested-clip-path,wpt,hd,1,12.5,12.5,12.2924,255,,
corpus__wpt__tests__mask-negative-scale,wpt,z1,4,20.565,20.565,18.6254,255,20.565,0.0
corpus__wpt__tests__mask-negative-scale,wpt,z2,4,63.315,63.315,60.8027,255,,
corpus__wpt__tests__mask-negative-scale,wpt,z4,4,81.383,81.383,79.2826,255,,
corpus__wpt__tests__mask-negative-scale,wpt,hd,4,34.407,34.407,33.7929,255,,
corpus__wpt__tests__mask-nested-clip-path-001,wpt,z1,1,21.405,21.405,19.2742,255,21.405,0.0
corpus__wpt__tests__mask-nested-clip-path-001,wpt,z2,1,38.796,38.796,36.3177,255,,
corpus__wpt__tests__mask-nested-clip-path-001,wpt,z4,1,0.0,0.0,0.0,0,,
corpus__wpt__tests__mask-nested-clip-path-001,wpt,hd,1,36.0,36.0,35.5415,255,,
corpus__wpt__tests__mask-nested-clip-path-002,wpt,z1,2,13.378,13.378,11.0569,255,13.378,0.0
corpus__wpt__tests__mask-nested-clip-path-002,wpt,z2,2,41.472,41.472,37.9197,255,,
corpus__wpt__tests__mask-nested-clip-path-002,wpt,z4,2,74.916,74.916,73.5753,255,,
corpus__wpt__tests__mask-nested-clip-path-002,wpt,hd,2,22.5,22.5,21.755,255,,
corpus__wpt__tests__mask-nested-clip-path-003,wpt,z1,4,13.378,13.378,11.0569,255,13.378,0.0
corpus__wpt__tests__mask-nested-clip-path-003,wpt,z2,4,41.472,41.472,37.9197,255,,
corpus__wpt__tests__mask-nested-clip-path-003,wpt,z4,4,74.916,74.916,73.5753,255,,
corpus__wpt__tests__mask-nested-clip-path-003,wpt,hd,4,22.5,22.5,21.755,255,,
corpus__wpt__tests__mask-nested-clip-path-004,wpt,z1,1,21.405,21.405,19.2742,255,21.405,0.0
corpus__wpt__tests__mask-nested-clip-path-004,wpt,z2,1,38.796,38.796,36.3177,255,,
corpus__wpt__tests__mask-nested-clip-path-004,wpt,z4,1,0.0,0.0,0.0,0,,
corpus__wpt__tests__mask-nested-clip-path-004,wpt,hd,1,36.0,36.0,35.5415,255,,
corpus__wpt__tests__mask-nested-clip-path-005,wpt,z1,1,21.405,21.405,19.2742,255,21.405,0.0
corpus__wpt__tests__mask-nested-clip-path-005,wpt,z2,1,38.796,38.796,36.3177,255,,
corpus__wpt__tests__mask-nested-clip-path-005,wpt,z4,1,0.0,0.0,0.0,0,,
corpus__wpt__tests__mask-nested-clip-path-005,wpt,hd,1,36.0,36.0,35.5415,255,,
corpus__wpt__tests__mask-nested-clip-path-006,wpt,z1,1,21.405,21.405,19.2742,255,21.405,0.0
corpus__wpt__tests__mask-nested-clip-path-006,wpt,z2,1,38.796,38.796,36.3177,255,,
corpus__wpt__tests__mask-nested-clip-path-006,wpt,z4,1,0.0,0.0,0.0,0,,
corpus__wpt__tests__mask-nested-clip-path-006,wpt,hd,1,36.0,36.0,35.5415,255,,
corpus__wpt__tests__mask-nested-clip-path-007,wpt,z1,1,21.405,21.405,19.2742,255,21.405,0.0
corpus__wpt__tests__mask-nested-clip-path-007,wpt,z2,1,38.796,38.796,36.3177,255,,
corpus__wpt__tests__mask-nested-clip-path-007,wpt,z4,1,0.0,0.0,0.0,0,,
corpus__wpt__tests__mask-nested-clip-path-007,wpt,hd,1,36.0,36.0,35.5415,255,,
corpus__wpt__tests__mask-nested-clip-path-008,wpt,z1,1,21.405,21.405,19.2742,255,21.405,0.0
corpus__wpt__tests__mask-nested-clip-path-008,wpt,z2,1,38.796,38.796,36.3177,255,,
corpus__wpt__tests__mask-nested-clip-path-008,wpt,z4,1,0.0,0.0,0.0,0,,
corpus__wpt__tests__mask-nested-clip-path-008,wpt,hd,1,36.0,36.0,35.5415,255,,
corpus__wpt__tests__mask-nested-clip-path-009,wpt,z1,1,21.405,21.405,19.2742,255,21.405,0.0
corpus__wpt__tests__mask-nested-clip-path-009,wpt,z2,1,38.796,38.796,36.3177,255,,
corpus__wpt__tests__mask-nested-clip-path-009,wpt,z4,1,0.0,0.0,0.0,0,,
corpus__wpt__tests__mask-nested-clip-path-009,wpt,hd,1,36.0,36.0,35.5415,255,,
corpus__wpt__tests__mask-nested-clip-path-010,wpt,z1,3,0.0,0.0,0.0,0,0.0,0.0
corpus__wpt__tests__mask-nested-clip-path-010,wpt,z2,3,0.0,0.0,0.0,0,,
corpus__wpt__tests__mask-nested-clip-path-010,wpt,z4,3,0.0,0.0,0.0,0,,
corpus__wpt__tests__mask-nested-clip-path-010,wpt,hd,3,0.001,0.001,0.0,48,,
corpus__wpt__tests__mask-nested-clip-path-panning-001,wpt,z1,2,13.89,13.89,11.1263,255,13.454,14.716
corpus__wpt__tests__mask-nested-clip-path-panning-001,wpt,z2,2,27.32,27.32,23.7174,255,,
corpus__wpt__tests__mask-nested-clip-path-panning-001,wpt,z4,2,50.351,50.351,47.5251,255,,
corpus__wpt__tests__mask-nested-clip-path-panning-001,wpt,hd,2,23.018,23.018,22.137,255,,
corpus__wpt__tests__mask-nested-clip-path-panning-002,wpt,z1,4,9.144,9.144,7.1288,255,15.02,14.716
corpus__wpt__tests__mask-nested-clip-path-panning-002,wpt,z2,4,24.98,24.98,21.9941,255,,
corpus__wpt__tests__mask-nested-clip-path-panning-002,wpt,z4,4,49.59,49.59,47.0761,255,,
corpus__wpt__tests__mask-nested-clip-path-panning-002,wpt,hd,4,21.362,21.362,20.7092,255,,
corpus__wpt__tests__mask-objectboundingbox-content-clip,wpt,z1,1,12.742,12.732,11.709,255,12.74,0.057
corpus__wpt__tests__mask-objectboundingbox-content-clip,wpt,z2,1,39.349,39.333,37.5217,255,,
corpus__wpt__tests__mask-objectboundingbox-content-clip,wpt,z4,1,82.252,82.244,80.8194,255,,
corpus__wpt__tests__mask-objectboundingbox-content-clip,wpt,hd,1,21.348,21.345,21.0216,255,,
corpus__wpt__tests__mask-objectboundingbox-content-clip-transform,wpt,z1,1,12.742,12.732,11.709,255,12.74,0.057
corpus__wpt__tests__mask-objectboundingbox-content-clip-transform,wpt,z2,1,39.349,39.333,37.5217,255,,
corpus__wpt__tests__mask-objectboundingbox-content-clip-transform,wpt,z4,1,82.252,82.244,80.8194,255,,
corpus__wpt__tests__mask-objectboundingbox-content-clip-transform,wpt,hd,1,21.348,21.345,21.0216,255,,
corpus__wpt__tests__mask-on-thin-stroked-path-userspaceonuse,wpt,z1,1,0.0,0.0,0.0,0,0.0,0.0
corpus__wpt__tests__mask-on-thin-stroked-path-userspaceonuse,wpt,z2,1,0.0,0.0,0.0,0,,
corpus__wpt__tests__mask-on-thin-stroked-path-userspaceonuse,wpt,z4,1,0.0,0.0,0.0,0,,
corpus__wpt__tests__mask-on-thin-stroked-path-userspaceonuse,wpt,hd,1,0.0,0.0,0.0,0,,
corpus__wpt__tests__mask-text-001,wpt,z1,1,0.431,0.416,0.0067,255,0.416,0.158
corpus__wpt__tests__mask-text-001,wpt,z2,1,1.458,1.401,0.3202,255,,
corpus__wpt__tests__mask-text-001,wpt,z4,1,2.335,2.307,1.1756,255,,
corpus__wpt__tests__mask-text-001,wpt,hd,1,0.47,0.465,0.2871,255,,
corpus__wpt__tests__mask-userspaceonuse-content-clip,wpt,z1,1,12.742,12.732,11.709,255,12.74,0.057
corpus__wpt__tests__mask-userspaceonuse-content-clip,wpt,z2,1,39.349,39.333,37.5217,255,,
corpus__wpt__tests__mask-userspaceonuse-content-clip,wpt,z4,1,82.252,82.244,80.8194,255,,
corpus__wpt__tests__mask-userspaceonuse-content-clip,wpt,hd,1,21.348,21.345,21.0216,255,,
corpus__wpt__tests__mask-userspaceonuse-content-clip-transform,wpt,z1,1,12.742,12.732,11.709,255,12.74,0.057
corpus__wpt__tests__mask-userspaceonuse-content-clip-transform,wpt,z2,1,39.349,39.333,37.5217,255,,
corpus__wpt__tests__mask-userspaceonuse-content-clip-transform,wpt,z4,1,82.252,82.244,80.8194,255,,
corpus__wpt__tests__mask-userspaceonuse-content-clip-transform,wpt,hd,1,21.348,21.345,21.0216,255,,
corpus__wpt__tests__mask-with-filter,wpt,z1,2,0.0,0.0,0.0,0,0.0,0.0
corpus__wpt__tests__mask-with-filter,wpt,z2,2,0.0,0.0,0.0,0,,
corpus__wpt__tests__mask-with-filter,wpt,z4,2,0.0,0.0,0.0,0,,
corpus__wpt__tests__mask-with-filter,wpt,hd,2,0.0,0.0,0.0,0,,
corpus__wpt-blend-reftests__blend-clip-parent-non-overflow,wpt-blend-reftests,z1,2,0.194,0.048,0.0,52,0.057,0.064
corpus__wpt-blend-reftests__blend-clip-parent-non-overflow,wpt-blend-reftests,z2,2,0.29,0.068,0.0,47,,
corpus__wpt-blend-reftests__blend-clip-parent-non-overflow,wpt-blend-reftests,z4,2,0.0,0.0,0.0,0,,
corpus__wpt-blend-reftests__blend-clip-parent-non-overflow,wpt-blend-reftests,hd,2,0.091,0.049,0.0,70,,
corpus__wpt-blend-reftests__blend-clip-parent-non-overflow-ref,wpt-blend-reftests,z1,0,0.197,0.063,0.0,52,0.067,0.066
corpus__wpt-blend-reftests__blend-clip-parent-non-overflow-ref,wpt-blend-reftests,z2,0,0.288,0.065,0.0,46,,
corpus__wpt-blend-reftests__blend-clip-parent-non-overflow-ref,wpt-blend-reftests,z4,0,0.0,0.0,0.0,0,,
corpus__wpt-blend-reftests__blend-clip-parent-non-overflow-ref,wpt-blend-reftests,hd,0,0.093,0.049,0.0,70,,
corpus__wpt-blend-reftests__blend-clip-rotated,wpt-blend-reftests,z1,2,0.0,0.0,0.0,0,0.0,0.0
corpus__wpt-blend-reftests__blend-clip-rotated,wpt-blend-reftests,z2,2,0.0,0.0,0.0,0,,
corpus__wpt-blend-reftests__blend-clip-rotated,wpt-blend-reftests,z4,2,0.0,0.0,0.0,0,,
corpus__wpt-blend-reftests__blend-clip-rotated,wpt-blend-reftests,hd,2,0.0,0.0,0.0,0,,
corpus__wpt-blend-reftests__blend-clip-rotated-ref,wpt-blend-reftests,z1,0,0.0,0.0,0.0,0,0.0,0.0
corpus__wpt-blend-reftests__blend-clip-rotated-ref,wpt-blend-reftests,z2,0,0.0,0.0,0.0,0,,
corpus__wpt-blend-reftests__blend-clip-rotated-ref,wpt-blend-reftests,z4,0,0.0,0.0,0.0,0,,
corpus__wpt-blend-reftests__blend-clip-rotated-ref,wpt-blend-reftests,hd,0,0.0,0.0,0.0,0,,
corpus__wpt-blend-reftests__blend-clip-rounded-child,wpt-blend-reftests,z1,1,0.162,0.14,0.0,144,0.132,0.084
corpus__wpt-blend-reftests__blend-clip-rounded-child,wpt-blend-reftests,z2,1,0.157,0.14,0.0,191,,
corpus__wpt-blend-reftests__blend-clip-rounded-child,wpt-blend-reftests,z4,1,0.049,0.043,0.0,127,,
corpus__wpt-blend-reftests__blend-clip-rounded-child,wpt-blend-reftests,hd,1,0.051,0.044,0.0,211,,
corpus__wpt-blend-reftests__blend-clip-rounded-child-ref,wpt-blend-reftests,z1,0,0.162,0.14,0.0,144,0.132,0.084
corpus__wpt-blend-reftests__blend-clip-rounded-child-ref,wpt-blend-reftests,z2,0,0.157,0.14,0.0,191,,
corpus__wpt-blend-reftests__blend-clip-rounded-child-ref,wpt-blend-reftests,z4,0,0.049,0.043,0.0,127,,
corpus__wpt-blend-reftests__blend-clip-rounded-child-ref,wpt-blend-reftests,hd,0,0.051,0.044,0.0,211,,
corpus__wpt-blend-reftests__blend-clip-rounded-parent,wpt-blend-reftests,z1,2,0.293,0.262,0.0,145,0.163,0.113
corpus__wpt-blend-reftests__blend-clip-rounded-parent,wpt-blend-reftests,z2,2,0.467,0.43,0.0,161,,
corpus__wpt-blend-reftests__blend-clip-rounded-parent,wpt-blend-reftests,z4,2,0.204,0.181,0.0,153,,
corpus__wpt-blend-reftests__blend-clip-rounded-parent,wpt-blend-reftests,hd,2,0.093,0.083,0.0,169,,
corpus__wpt-blend-reftests__blend-clip-rounded-parent-ref,wpt-blend-reftests,z1,0,0.283,0.165,0.0,144,0.163,0.016
corpus__wpt-blend-reftests__blend-clip-rounded-parent-ref,wpt-blend-reftests,z2,0,0.463,0.425,0.0,160,,
corpus__wpt-blend-reftests__blend-clip-rounded-parent-ref,wpt-blend-reftests,z4,0,0.202,0.181,0.0,152,,
corpus__wpt-blend-reftests__blend-clip-rounded-parent-ref,wpt-blend-reftests,hd,0,0.091,0.056,0.0,170,,
corpus__wpt-blend-reftests__blend-clip-sibling-overlap,wpt-blend-reftests,z1,1,0.162,0.14,0.0,144,0.132,0.084
corpus__wpt-blend-reftests__blend-clip-sibling-overlap,wpt-blend-reftests,z2,1,0.157,0.14,0.0,191,,
corpus__wpt-blend-reftests__blend-clip-sibling-overlap,wpt-blend-reftests,z4,1,0.049,0.043,0.0,127,,
corpus__wpt-blend-reftests__blend-clip-sibling-overlap,wpt-blend-reftests,hd,1,0.051,0.044,0.0,211,,
corpus__wpt-blend-reftests__blend-clip-sibling-overlap-ref,wpt-blend-reftests,z1,0,0.162,0.14,0.0,144,0.132,0.084
corpus__wpt-blend-reftests__blend-clip-sibling-overlap-ref,wpt-blend-reftests,z2,0,0.157,0.14,0.0,191,,
corpus__wpt-blend-reftests__blend-clip-sibling-overlap-ref,wpt-blend-reftests,z4,0,0.049,0.043,0.0,127,,
corpus__wpt-blend-reftests__blend-clip-sibling-overlap-ref,wpt-blend-reftests,hd,0,0.051,0.044,0.0,211,,
corpus__wpt-blend-reftests__blend-filter-identity-isolation,wpt-blend-reftests,z1,1,0.0,0.0,0.0,0,0.0,0.0
corpus__wpt-blend-reftests__blend-filter-identity-isolation,wpt-blend-reftests,z2,1,0.0,0.0,0.0,0,,
corpus__wpt-blend-reftests__blend-filter-identity-isolation,wpt-blend-reftests,z4,1,0.0,0.0,0.0,0,,
corpus__wpt-blend-reftests__blend-filter-identity-isolation,wpt-blend-reftests,hd,1,0.0,0.0,0.0,0,,
corpus__wpt-blend-reftests__blend-filter-identity-isolation-ref,wpt-blend-reftests,z1,0,0.0,0.0,0.0,0,0.0,0.0
corpus__wpt-blend-reftests__blend-filter-identity-isolation-ref,wpt-blend-reftests,z2,0,0.0,0.0,0.0,0,,
corpus__wpt-blend-reftests__blend-filter-identity-isolation-ref,wpt-blend-reftests,z4,0,0.0,0.0,0.0,0,,
corpus__wpt-blend-reftests__blend-filter-identity-isolation-ref,wpt-blend-reftests,hd,0,0.0,0.0,0.0,0,,
corpus__wpt-blend-reftests__blend-filter-order-grayscale-screen,wpt-blend-reftests,z1,1,0.0,0.0,0.0,0,0.0,0.0
corpus__wpt-blend-reftests__blend-filter-order-grayscale-screen,wpt-blend-reftests,z2,1,0.0,0.0,0.0,0,,
corpus__wpt-blend-reftests__blend-filter-order-grayscale-screen,wpt-blend-reftests,z4,1,0.0,0.0,0.0,0,,
corpus__wpt-blend-reftests__blend-filter-order-grayscale-screen,wpt-blend-reftests,hd,1,0.0,0.0,0.0,0,,
corpus__wpt-blend-reftests__blend-filter-order-grayscale-screen-ref,wpt-blend-reftests,z1,2,0.0,0.0,0.0,0,0.0,0.0
corpus__wpt-blend-reftests__blend-filter-order-grayscale-screen-ref,wpt-blend-reftests,z2,2,0.0,0.0,0.0,0,,
corpus__wpt-blend-reftests__blend-filter-order-grayscale-screen-ref,wpt-blend-reftests,z4,2,0.0,0.0,0.0,0,,
corpus__wpt-blend-reftests__blend-filter-order-grayscale-screen-ref,wpt-blend-reftests,hd,2,0.0,0.0,0.0,0,,
corpus__wpt-blend-reftests__blend-interposed-child,wpt-blend-reftests,z1,1,0.0,0.0,0.0,0,0.0,0.0
corpus__wpt-blend-reftests__blend-interposed-child,wpt-blend-reftests,z2,1,0.0,0.0,0.0,0,,
corpus__wpt-blend-reftests__blend-interposed-child,wpt-blend-reftests,z4,1,0.0,0.0,0.0,0,,
corpus__wpt-blend-reftests__blend-interposed-child,wpt-blend-reftests,hd,1,0.0,0.0,0.0,0,,
corpus__wpt-blend-reftests__blend-interposed-child-ref,wpt-blend-reftests,z1,0,0.0,0.0,0.0,0,0.0,0.0
corpus__wpt-blend-reftests__blend-interposed-child-ref,wpt-blend-reftests,z2,0,0.0,0.0,0.0,0,,
corpus__wpt-blend-reftests__blend-interposed-child-ref,wpt-blend-reftests,z4,0,0.0,0.0,0.0,0,,
corpus__wpt-blend-reftests__blend-interposed-child-ref,wpt-blend-reftests,hd,0,0.0,0.0,0.0,0,,
corpus__wpt-blend-reftests__blend-isolation-explicit,wpt-blend-reftests,z1,2,0.0,0.0,0.0,0,0.0,0.0
corpus__wpt-blend-reftests__blend-isolation-explicit,wpt-blend-reftests,z2,2,0.0,0.0,0.0,0,,
corpus__wpt-blend-reftests__blend-isolation-explicit,wpt-blend-reftests,z4,2,0.0,0.0,0.0,0,,
corpus__wpt-blend-reftests__blend-isolation-explicit,wpt-blend-reftests,hd,2,0.0,0.0,0.0,0,,
corpus__wpt-blend-reftests__blend-isolation-explicit-ref,wpt-blend-reftests,z1,0,0.0,0.0,0.0,0,0.0,0.0
corpus__wpt-blend-reftests__blend-isolation-explicit-ref,wpt-blend-reftests,z2,0,0.0,0.0,0.0,0,,
corpus__wpt-blend-reftests__blend-isolation-explicit-ref,wpt-blend-reftests,z4,0,0.0,0.0,0.0,0,,
corpus__wpt-blend-reftests__blend-isolation-explicit-ref,wpt-blend-reftests,hd,0,0.0,0.0,0.0,0,,
corpus__wpt-blend-reftests__blend-isolation-group-opacity,wpt-blend-reftests,z1,2,0.0,0.0,0.0,1,0.0,0.0
corpus__wpt-blend-reftests__blend-isolation-group-opacity,wpt-blend-reftests,z2,2,0.0,0.0,0.0,1,,
corpus__wpt-blend-reftests__blend-isolation-group-opacity,wpt-blend-reftests,z4,2,0.0,0.0,0.0,1,,
corpus__wpt-blend-reftests__blend-isolation-group-opacity,wpt-blend-reftests,hd,2,0.0,0.0,0.0,1,,
corpus__wpt-blend-reftests__blend-isolation-group-opacity-ref,wpt-blend-reftests,z1,1,0.0,0.0,0.0,0,0.0,0.0
corpus__wpt-blend-reftests__blend-isolation-group-opacity-ref,wpt-blend-reftests,z2,1,0.0,0.0,0.0,0,,
corpus__wpt-blend-reftests__blend-isolation-group-opacity-ref,wpt-blend-reftests,z4,1,0.0,0.0,0.0,0,,
corpus__wpt-blend-reftests__blend-isolation-group-opacity-ref,wpt-blend-reftests,hd,1,0.0,0.0,0.0,0,,
corpus__wpt-blend-reftests__blend-mask-circle-difference,wpt-blend-reftests,z1,1,0.262,0.065,0.0,44,0.119,0.183
corpus__wpt-blend-reftests__blend-mask-circle-difference,wpt-blend-reftests,z2,1,0.451,0.263,0.0,71,,
corpus__wpt-blend-reftests__blend-mask-circle-difference,wpt-blend-reftests,z4,1,0.0,0.0,0.0,0,,
corpus__wpt-blend-reftests__blend-mask-circle-difference,wpt-blend-reftests,hd,1,0.089,0.039,0.0,78,,
corpus__wpt-blend-reftests__blend-mask-circle-difference-ref,wpt-blend-reftests,z1,1,0.262,0.065,0.0,44,0.119,0.183
corpus__wpt-blend-reftests__blend-mask-circle-difference-ref,wpt-blend-reftests,z2,1,0.451,0.263,0.0,71,,
corpus__wpt-blend-reftests__blend-mask-circle-difference-ref,wpt-blend-reftests,z4,1,0.0,0.0,0.0,0,,
corpus__wpt-blend-reftests__blend-mask-circle-difference-ref,wpt-blend-reftests,hd,1,0.089,0.039,0.0,78,,
corpus__wpt-blend-reftests__blend-overflowing-child,wpt-blend-reftests,z1,2,0.0,0.0,0.0,0,0.0,0.0
corpus__wpt-blend-reftests__blend-overflowing-child,wpt-blend-reftests,z2,2,0.0,0.0,0.0,0,,
corpus__wpt-blend-reftests__blend-overflowing-child,wpt-blend-reftests,z4,2,0.0,0.0,0.0,0,,
corpus__wpt-blend-reftests__blend-overflowing-child,wpt-blend-reftests,hd,2,0.0,0.0,0.0,0,,
corpus__wpt-blend-reftests__blend-overflowing-child-ref,wpt-blend-reftests,z1,0,0.0,0.0,0.0,0,0.0,0.0
corpus__wpt-blend-reftests__blend-overflowing-child-ref,wpt-blend-reftests,z2,0,0.0,0.0,0.0,0,,
corpus__wpt-blend-reftests__blend-overflowing-child-ref,wpt-blend-reftests,z4,0,0.0,0.0,0.0,0,,
corpus__wpt-blend-reftests__blend-overflowing-child-ref,wpt-blend-reftests,hd,0,0.0,0.0,0.0,0,,
corpus__wpt-blend-reftests__blend-plus-lighter-isolated,wpt-blend-reftests,z1,3,3.853,3.853,3.2107,41,3.853,0.0
corpus__wpt-blend-reftests__blend-plus-lighter-isolated,wpt-blend-reftests,z2,3,15.411,15.411,14.1003,41,,
corpus__wpt-blend-reftests__blend-plus-lighter-isolated,wpt-blend-reftests,z4,3,42.097,42.097,39.9365,41,,
corpus__wpt-blend-reftests__blend-plus-lighter-isolated,wpt-blend-reftests,hd,3,6.534,6.491,6.2839,55,,
corpus__wpt-blend-reftests__blend-plus-lighter-isolated-ref,wpt-blend-reftests,z1,3,0.0,0.0,0.0,0,0.0,0.0
corpus__wpt-blend-reftests__blend-plus-lighter-isolated-ref,wpt-blend-reftests,z2,3,0.0,0.0,0.0,0,,
corpus__wpt-blend-reftests__blend-plus-lighter-isolated-ref,wpt-blend-reftests,z4,3,0.0,0.0,0.0,0,,
corpus__wpt-blend-reftests__blend-plus-lighter-isolated-ref,wpt-blend-reftests,hd,3,0.0,0.0,0.0,31,,
corpus__wpt-blend-reftests__blend-stacking-context-bounds-isolation,wpt-blend-reftests,z1,2,0.004,0.004,0.0,60,0.004,0.0
corpus__wpt-blend-reftests__blend-stacking-context-bounds-isolation,wpt-blend-reftests,z2,2,0.001,0.001,0.0,54,,
corpus__wpt-blend-reftests__blend-stacking-context-bounds-isolation,wpt-blend-reftests,z4,2,0.0,0.0,0.0,0,,
corpus__wpt-blend-reftests__blend-stacking-context-bounds-isolation,wpt-blend-reftests,hd,2,0.0,0.0,0.0,45,,
corpus__wpt-blend-reftests__blend-stacking-context-bounds-isolation-ref,wpt-blend-reftests,z1,0,0.004,0.004,0.0,78,0.004,0.0
corpus__wpt-blend-reftests__blend-stacking-context-bounds-isolation-ref,wpt-blend-reftests,z2,0,0.002,0.002,0.0,54,,
corpus__wpt-blend-reftests__blend-stacking-context-bounds-isolation-ref,wpt-blend-reftests,z4,0,0.0,0.0,0.0,0,,
corpus__wpt-blend-reftests__blend-stacking-context-bounds-isolation-ref,wpt-blend-reftests,hd,0,0.0,0.0,0.0,45,,
corpus__wpt-blend-reftests__blend-svg-rectangle-multiply,wpt-blend-reftests,z1,1,0.0,0.0,0.0,0,0.0,0.0
corpus__wpt-blend-reftests__blend-svg-rectangle-multiply,wpt-blend-reftests,z2,1,0.0,0.0,0.0,0,,
corpus__wpt-blend-reftests__blend-svg-rectangle-multiply,wpt-blend-reftests,z4,1,0.0,0.0,0.0,0,,
corpus__wpt-blend-reftests__blend-svg-rectangle-multiply,wpt-blend-reftests,hd,1,0.0,0.0,0.0,0,,
corpus__wpt-blend-reftests__blend-svg-rectangle-multiply-ref,wpt-blend-reftests,z1,0,0.0,0.0,0.0,0,0.0,0.0
corpus__wpt-blend-reftests__blend-svg-rectangle-multiply-ref,wpt-blend-reftests,z2,0,0.0,0.0,0.0,0,,
corpus__wpt-blend-reftests__blend-svg-rectangle-multiply-ref,wpt-blend-reftests,z4,0,0.0,0.0,0.0,0,,
corpus__wpt-blend-reftests__blend-svg-rectangle-multiply-ref,wpt-blend-reftests,hd,0,0.0,0.0,0.0,0,,
corpus__wpt-blend-reftests__blend-svg-root-isolation,wpt-blend-reftests,z1,1,0.0,0.0,0.0,0,33.445,33.445
corpus__wpt-blend-reftests__blend-svg-root-isolation,wpt-blend-reftests,z2,1,0.0,0.0,0.0,0,,
corpus__wpt-blend-reftests__blend-svg-root-isolation,wpt-blend-reftests,z4,1,0.0,0.0,0.0,0,,
corpus__wpt-blend-reftests__blend-svg-root-isolation,wpt-blend-reftests,hd,1,0.0,0.0,0.0,0,,
corpus__wpt-blend-reftests__blend-svg-root-isolation-ref,wpt-blend-reftests,z1,0,0.0,0.0,0.0,0,0.0,0.0
corpus__wpt-blend-reftests__blend-svg-root-isolation-ref,wpt-blend-reftests,z2,0,0.0,0.0,0.0,0,,
corpus__wpt-blend-reftests__blend-svg-root-isolation-ref,wpt-blend-reftests,z4,0,0.0,0.0,0.0,0,,
corpus__wpt-blend-reftests__blend-svg-root-isolation-ref,wpt-blend-reftests,hd,0,0.0,0.0,0.0,0,,
corpus__wpt-blend-reftests__blend-transparent-backdrop-boundary,wpt-blend-reftests,z1,2,0.004,0.003,0.0,63,0.003,0.0
corpus__wpt-blend-reftests__blend-transparent-backdrop-boundary,wpt-blend-reftests,z2,2,0.002,0.002,0.0,53,,
corpus__wpt-blend-reftests__blend-transparent-backdrop-boundary,wpt-blend-reftests,z4,2,0.0,0.0,0.0,1,,
corpus__wpt-blend-reftests__blend-transparent-backdrop-boundary,wpt-blend-reftests,hd,2,0.0,0.0,0.0,62,,
corpus__wpt-blend-reftests__blend-transparent-backdrop-boundary-ref,wpt-blend-reftests,z1,0,0.004,0.003,0.0,63,0.003,0.0
corpus__wpt-blend-reftests__blend-transparent-backdrop-boundary-ref,wpt-blend-reftests,z2,0,0.002,0.002,0.0,53,,
corpus__wpt-blend-reftests__blend-transparent-backdrop-boundary-ref,wpt-blend-reftests,z4,0,0.0,0.0,0.0,1,,
corpus__wpt-blend-reftests__blend-transparent-backdrop-boundary-ref,wpt-blend-reftests,hd,0,0.0,0.0,0.0,62,,
corpus__wpt-blend-reftests__filter-blur-clip-ancestor,wpt-blend-reftests,z1,1,0.559,0.273,0.0,57,0.003,0.269
corpus__wpt-blend-reftests__filter-blur-clip-ancestor,wpt-blend-reftests,z2,1,0.435,0.0,0.0,14,,
corpus__wpt-blend-reftests__filter-blur-clip-ancestor,wpt-blend-reftests,z4,1,0.0,0.0,0.0,0,,
corpus__wpt-blend-reftests__filter-blur-clip-ancestor,wpt-blend-reftests,hd,1,0.0,0.0,0.0,0,,
corpus__wpt-blend-reftests__filter-blur-clip-ancestor-ref,wpt-blend-reftests,z1,0,0.003,0.003,0.0,57,0.003,0.0
corpus__wpt-blend-reftests__filter-blur-clip-ancestor-ref,wpt-blend-reftests,z2,0,0.0,0.0,0.0,1,,
corpus__wpt-blend-reftests__filter-blur-clip-ancestor-ref,wpt-blend-reftests,z4,0,0.0,0.0,0.0,0,,
corpus__wpt-blend-reftests__filter-blur-clip-ancestor-ref,wpt-blend-reftests,hd,0,0.0,0.0,0.0,0,,
corpus__wpt-blend-reftests__filter-chained-identity,wpt-blend-reftests,z1,1,0.0,0.0,0.0,0,0.0,0.0
corpus__wpt-blend-reftests__filter-chained-identity,wpt-blend-reftests,z2,1,0.0,0.0,0.0,0,,
corpus__wpt-blend-reftests__filter-chained-identity,wpt-blend-reftests,z4,1,0.0,0.0,0.0,0,,
corpus__wpt-blend-reftests__filter-chained-identity,wpt-blend-reftests,hd,1,0.0,0.0,0.0,0,,
corpus__wpt-blend-reftests__filter-chained-identity-ref,wpt-blend-reftests,z1,0,0.0,0.0,0.0,0,0.0,0.0
corpus__wpt-blend-reftests__filter-chained-identity-ref,wpt-blend-reftests,z2,0,0.0,0.0,0.0,0,,
corpus__wpt-blend-reftests__filter-chained-identity-ref,wpt-blend-reftests,z4,0,0.0,0.0,0.0,0,,
corpus__wpt-blend-reftests__filter-chained-identity-ref,wpt-blend-reftests,hd,0,0.0,0.0,0.0,0,,
corpus__wpt-blend-reftests__filter-clip-under-blur,wpt-blend-reftests,z1,1,1.346,0.094,0.0,25,0.094,0.0
corpus__wpt-blend-reftests__filter-clip-under-blur,wpt-blend-reftests,z2,1,3.304,0.0,0.0,17,,
corpus__wpt-blend-reftests__filter-clip-under-blur,wpt-blend-reftests,z4,1,6.522,0.0,0.0,13,,
corpus__wpt-blend-reftests__filter-clip-under-blur,wpt-blend-reftests,hd,1,45.862,37.679,37.0901,221,,
corpus__wpt-blend-reftests__filter-clip-under-blur-ref,wpt-blend-reftests,z1,1,3.721,0.105,0.0,25,0.105,0.0
corpus__wpt-blend-reftests__filter-clip-under-blur-ref,wpt-blend-reftests,z2,1,3.328,0.0,0.0,17,,
corpus__wpt-blend-reftests__filter-clip-under-blur-ref,wpt-blend-reftests,z4,1,6.522,0.0,0.0,14,,
corpus__wpt-blend-reftests__filter-clip-under-blur-ref,wpt-blend-reftests,hd,1,45.896,37.738,37.1486,221,,
corpus__wpt-blend-reftests__filter-drop-shadow-overflow-clipped,wpt-blend-reftests,z1,1,0.0,0.0,0.0,0,0.0,0.0
corpus__wpt-blend-reftests__filter-drop-shadow-overflow-clipped,wpt-blend-reftests,z2,1,0.0,0.0,0.0,0,,
corpus__wpt-blend-reftests__filter-drop-shadow-overflow-clipped,wpt-blend-reftests,z4,1,0.0,0.0,0.0,0,,
corpus__wpt-blend-reftests__filter-drop-shadow-overflow-clipped,wpt-blend-reftests,hd,1,0.0,0.0,0.0,0,,
corpus__wpt-blend-reftests__filter-drop-shadow-overflow-clipped-ref,wpt-blend-reftests,z1,0,0.0,0.0,0.0,0,0.0,0.0
corpus__wpt-blend-reftests__filter-drop-shadow-overflow-clipped-ref,wpt-blend-reftests,z2,0,0.0,0.0,0.0,0,,
corpus__wpt-blend-reftests__filter-drop-shadow-overflow-clipped-ref,wpt-blend-reftests,z4,0,0.0,0.0,0.0,0,,
corpus__wpt-blend-reftests__filter-drop-shadow-overflow-clipped-ref,wpt-blend-reftests,hd,0,0.0,0.0,0.0,0,,
corpus__wpt-blend-reftests__filter-vs-clip-precedence,wpt-blend-reftests,z1,1,0.0,0.0,0.0,0,0.0,0.0
corpus__wpt-blend-reftests__filter-vs-clip-precedence,wpt-blend-reftests,z2,1,0.0,0.0,0.0,0,,
corpus__wpt-blend-reftests__filter-vs-clip-precedence,wpt-blend-reftests,z4,1,0.0,0.0,0.0,0,,
corpus__wpt-blend-reftests__filter-vs-clip-precedence,wpt-blend-reftests,hd,1,0.0,0.0,0.0,0,,
corpus__wpt-blend-reftests__filter-vs-clip-precedence-ref,wpt-blend-reftests,z1,0,0.0,0.0,0.0,0,0.0,0.0
corpus__wpt-blend-reftests__filter-vs-clip-precedence-ref,wpt-blend-reftests,z2,0,0.0,0.0,0.0,0,,
corpus__wpt-blend-reftests__filter-vs-clip-precedence-ref,wpt-blend-reftests,z4,0,0.0,0.0,0.0,0,,
corpus__wpt-blend-reftests__filter-vs-clip-precedence-ref,wpt-blend-reftests,hd,0,0.0,0.0,0.0,0,,
corpus__wpt-blend-reftests__filter-vs-mask-precedence,wpt-blend-reftests,z1,1,0.0,0.0,0.0,0,0.0,0.0
corpus__wpt-blend-reftests__filter-vs-mask-precedence,wpt-blend-reftests,z2,1,0.0,0.0,0.0,0,,
corpus__wpt-blend-reftests__filter-vs-mask-precedence,wpt-blend-reftests,z4,1,0.0,0.0,0.0,0,,
corpus__wpt-blend-reftests__filter-vs-mask-precedence,wpt-blend-reftests,hd,1,0.0,0.0,0.0,0,,
corpus__wpt-blend-reftests__filter-vs-mask-precedence-ref,wpt-blend-reftests,z1,0,0.0,0.0,0.0,0,0.0,0.0
corpus__wpt-blend-reftests__filter-vs-mask-precedence-ref,wpt-blend-reftests,z2,0,0.0,0.0,0.0,0,,
corpus__wpt-blend-reftests__filter-vs-mask-precedence-ref,wpt-blend-reftests,z4,0,0.0,0.0,0.0,0,,
corpus__wpt-blend-reftests__filter-vs-mask-precedence-ref,wpt-blend-reftests,hd,0,0.0,0.0,0.0,0,,
corpus__wpt-blend-reftests-2__09-feblend-modes__feblend-mode-color,wpt-blend-reftests-2,z1,1,0.0,0.0,0.0,0,0.0,0.0
corpus__wpt-blend-reftests-2__09-feblend-modes__feblend-mode-color,wpt-blend-reftests-2,z2,1,0.0,0.0,0.0,0,,
corpus__wpt-blend-reftests-2__09-feblend-modes__feblend-mode-color,wpt-blend-reftests-2,z4,1,0.0,0.0,0.0,0,,
corpus__wpt-blend-reftests-2__09-feblend-modes__feblend-mode-color,wpt-blend-reftests-2,hd,1,0.0,0.0,0.0,0,,
corpus__wpt-blend-reftests-2__09-feblend-modes__feblend-mode-color-burn,wpt-blend-reftests-2,z1,1,0.0,0.0,0.0,0,0.0,0.0
corpus__wpt-blend-reftests-2__09-feblend-modes__feblend-mode-color-burn,wpt-blend-reftests-2,z2,1,0.0,0.0,0.0,0,,
corpus__wpt-blend-reftests-2__09-feblend-modes__feblend-mode-color-burn,wpt-blend-reftests-2,z4,1,0.0,0.0,0.0,0,,
corpus__wpt-blend-reftests-2__09-feblend-modes__feblend-mode-color-burn,wpt-blend-reftests-2,hd,1,0.0,0.0,0.0,0,,
corpus__wpt-blend-reftests-2__09-feblend-modes__feblend-mode-color-burn-ref,wpt-blend-reftests-2,z1,0,0.0,0.0,0.0,0,0.0,0.0
corpus__wpt-blend-reftests-2__09-feblend-modes__feblend-mode-color-burn-ref,wpt-blend-reftests-2,z2,0,0.0,0.0,0.0,0,,
corpus__wpt-blend-reftests-2__09-feblend-modes__feblend-mode-color-burn-ref,wpt-blend-reftests-2,z4,0,0.0,0.0,0.0,0,,
corpus__wpt-blend-reftests-2__09-feblend-modes__feblend-mode-color-burn-ref,wpt-blend-reftests-2,hd,0,0.0,0.0,0.0,0,,
corpus__wpt-blend-reftests-2__09-feblend-modes__feblend-mode-color-dodge,wpt-blend-reftests-2,z1,1,0.0,0.0,0.0,0,0.0,0.0
corpus__wpt-blend-reftests-2__09-feblend-modes__feblend-mode-color-dodge,wpt-blend-reftests-2,z2,1,0.0,0.0,0.0,0,,
corpus__wpt-blend-reftests-2__09-feblend-modes__feblend-mode-color-dodge,wpt-blend-reftests-2,z4,1,0.0,0.0,0.0,0,,
corpus__wpt-blend-reftests-2__09-feblend-modes__feblend-mode-color-dodge,wpt-blend-reftests-2,hd,1,0.0,0.0,0.0,0,,
corpus__wpt-blend-reftests-2__09-feblend-modes__feblend-mode-color-dodge-ref,wpt-blend-reftests-2,z1,0,0.0,0.0,0.0,0,0.0,0.0
corpus__wpt-blend-reftests-2__09-feblend-modes__feblend-mode-color-dodge-ref,wpt-blend-reftests-2,z2,0,0.0,0.0,0.0,0,,
corpus__wpt-blend-reftests-2__09-feblend-modes__feblend-mode-color-dodge-ref,wpt-blend-reftests-2,z4,0,0.0,0.0,0.0,0,,
corpus__wpt-blend-reftests-2__09-feblend-modes__feblend-mode-color-dodge-ref,wpt-blend-reftests-2,hd,0,0.0,0.0,0.0,0,,
corpus__wpt-blend-reftests-2__09-feblend-modes__feblend-mode-color-ref,wpt-blend-reftests-2,z1,0,0.0,0.0,0.0,0,0.0,0.0
corpus__wpt-blend-reftests-2__09-feblend-modes__feblend-mode-color-ref,wpt-blend-reftests-2,z2,0,0.0,0.0,0.0,0,,
corpus__wpt-blend-reftests-2__09-feblend-modes__feblend-mode-color-ref,wpt-blend-reftests-2,z4,0,0.0,0.0,0.0,0,,
corpus__wpt-blend-reftests-2__09-feblend-modes__feblend-mode-color-ref,wpt-blend-reftests-2,hd,0,0.0,0.0,0.0,0,,
corpus__wpt-blend-reftests-2__09-feblend-modes__feblend-mode-darken,wpt-blend-reftests-2,z1,1,0.0,0.0,0.0,0,0.0,0.0
corpus__wpt-blend-reftests-2__09-feblend-modes__feblend-mode-darken,wpt-blend-reftests-2,z2,1,0.0,0.0,0.0,0,,
corpus__wpt-blend-reftests-2__09-feblend-modes__feblend-mode-darken,wpt-blend-reftests-2,z4,1,0.0,0.0,0.0,0,,
corpus__wpt-blend-reftests-2__09-feblend-modes__feblend-mode-darken,wpt-blend-reftests-2,hd,1,0.0,0.0,0.0,0,,
corpus__wpt-blend-reftests-2__09-feblend-modes__feblend-mode-darken-ref,wpt-blend-reftests-2,z1,0,0.0,0.0,0.0,0,0.0,0.0
corpus__wpt-blend-reftests-2__09-feblend-modes__feblend-mode-darken-ref,wpt-blend-reftests-2,z2,0,0.0,0.0,0.0,0,,
corpus__wpt-blend-reftests-2__09-feblend-modes__feblend-mode-darken-ref,wpt-blend-reftests-2,z4,0,0.0,0.0,0.0,0,,
corpus__wpt-blend-reftests-2__09-feblend-modes__feblend-mode-darken-ref,wpt-blend-reftests-2,hd,0,0.0,0.0,0.0,0,,
corpus__wpt-blend-reftests-2__09-feblend-modes__feblend-mode-difference,wpt-blend-reftests-2,z1,1,0.0,0.0,0.0,0,0.0,0.0
corpus__wpt-blend-reftests-2__09-feblend-modes__feblend-mode-difference,wpt-blend-reftests-2,z2,1,0.0,0.0,0.0,0,,
corpus__wpt-blend-reftests-2__09-feblend-modes__feblend-mode-difference,wpt-blend-reftests-2,z4,1,0.0,0.0,0.0,0,,
corpus__wpt-blend-reftests-2__09-feblend-modes__feblend-mode-difference,wpt-blend-reftests-2,hd,1,0.0,0.0,0.0,0,,
corpus__wpt-blend-reftests-2__09-feblend-modes__feblend-mode-difference-ref,wpt-blend-reftests-2,z1,0,0.0,0.0,0.0,0,0.0,0.0
corpus__wpt-blend-reftests-2__09-feblend-modes__feblend-mode-difference-ref,wpt-blend-reftests-2,z2,0,0.0,0.0,0.0,0,,
corpus__wpt-blend-reftests-2__09-feblend-modes__feblend-mode-difference-ref,wpt-blend-reftests-2,z4,0,0.0,0.0,0.0,0,,
corpus__wpt-blend-reftests-2__09-feblend-modes__feblend-mode-difference-ref,wpt-blend-reftests-2,hd,0,0.0,0.0,0.0,0,,
corpus__wpt-blend-reftests-2__09-feblend-modes__feblend-mode-exclusion,wpt-blend-reftests-2,z1,1,0.0,0.0,0.0,1,0.0,0.0
corpus__wpt-blend-reftests-2__09-feblend-modes__feblend-mode-exclusion,wpt-blend-reftests-2,z2,1,0.0,0.0,0.0,1,,
corpus__wpt-blend-reftests-2__09-feblend-modes__feblend-mode-exclusion,wpt-blend-reftests-2,z4,1,0.0,0.0,0.0,1,,
corpus__wpt-blend-reftests-2__09-feblend-modes__feblend-mode-exclusion,wpt-blend-reftests-2,hd,1,0.0,0.0,0.0,1,,
corpus__wpt-blend-reftests-2__09-feblend-modes__feblend-mode-exclusion-ref,wpt-blend-reftests-2,z1,0,0.0,0.0,0.0,0,0.0,0.0
corpus__wpt-blend-reftests-2__09-feblend-modes__feblend-mode-exclusion-ref,wpt-blend-reftests-2,z2,0,0.0,0.0,0.0,0,,
corpus__wpt-blend-reftests-2__09-feblend-modes__feblend-mode-exclusion-ref,wpt-blend-reftests-2,z4,0,0.0,0.0,0.0,0,,
corpus__wpt-blend-reftests-2__09-feblend-modes__feblend-mode-exclusion-ref,wpt-blend-reftests-2,hd,0,0.0,0.0,0.0,0,,
corpus__wpt-blend-reftests-2__09-feblend-modes__feblend-mode-hard-light,wpt-blend-reftests-2,z1,1,0.0,0.0,0.0,0,0.0,0.0
corpus__wpt-blend-reftests-2__09-feblend-modes__feblend-mode-hard-light,wpt-blend-reftests-2,z2,1,0.0,0.0,0.0,0,,
corpus__wpt-blend-reftests-2__09-feblend-modes__feblend-mode-hard-light,wpt-blend-reftests-2,z4,1,0.0,0.0,0.0,0,,
corpus__wpt-blend-reftests-2__09-feblend-modes__feblend-mode-hard-light,wpt-blend-reftests-2,hd,1,0.0,0.0,0.0,0,,
corpus__wpt-blend-reftests-2__09-feblend-modes__feblend-mode-hard-light-ref,wpt-blend-reftests-2,z1,0,0.0,0.0,0.0,0,0.0,0.0
corpus__wpt-blend-reftests-2__09-feblend-modes__feblend-mode-hard-light-ref,wpt-blend-reftests-2,z2,0,0.0,0.0,0.0,0,,
corpus__wpt-blend-reftests-2__09-feblend-modes__feblend-mode-hard-light-ref,wpt-blend-reftests-2,z4,0,0.0,0.0,0.0,0,,
corpus__wpt-blend-reftests-2__09-feblend-modes__feblend-mode-hard-light-ref,wpt-blend-reftests-2,hd,0,0.0,0.0,0.0,0,,
corpus__wpt-blend-reftests-2__09-feblend-modes__feblend-mode-hue,wpt-blend-reftests-2,z1,1,0.0,0.0,0.0,0,0.0,0.0
corpus__wpt-blend-reftests-2__09-feblend-modes__feblend-mode-hue,wpt-blend-reftests-2,z2,1,0.0,0.0,0.0,0,,
corpus__wpt-blend-reftests-2__09-feblend-modes__feblend-mode-hue,wpt-blend-reftests-2,z4,1,0.0,0.0,0.0,0,,
corpus__wpt-blend-reftests-2__09-feblend-modes__feblend-mode-hue,wpt-blend-reftests-2,hd,1,0.0,0.0,0.0,0,,
corpus__wpt-blend-reftests-2__09-feblend-modes__feblend-mode-hue-ref,wpt-blend-reftests-2,z1,0,0.0,0.0,0.0,0,0.0,0.0
corpus__wpt-blend-reftests-2__09-feblend-modes__feblend-mode-hue-ref,wpt-blend-reftests-2,z2,0,0.0,0.0,0.0,0,,
corpus__wpt-blend-reftests-2__09-feblend-modes__feblend-mode-hue-ref,wpt-blend-reftests-2,z4,0,0.0,0.0,0.0,0,,
corpus__wpt-blend-reftests-2__09-feblend-modes__feblend-mode-hue-ref,wpt-blend-reftests-2,hd,0,0.0,0.0,0.0,0,,
corpus__wpt-blend-reftests-2__09-feblend-modes__feblend-mode-lighten,wpt-blend-reftests-2,z1,1,0.0,0.0,0.0,0,0.0,0.0
corpus__wpt-blend-reftests-2__09-feblend-modes__feblend-mode-lighten,wpt-blend-reftests-2,z2,1,0.0,0.0,0.0,0,,
corpus__wpt-blend-reftests-2__09-feblend-modes__feblend-mode-lighten,wpt-blend-reftests-2,z4,1,0.0,0.0,0.0,0,,
corpus__wpt-blend-reftests-2__09-feblend-modes__feblend-mode-lighten,wpt-blend-reftests-2,hd,1,0.0,0.0,0.0,0,,
corpus__wpt-blend-reftests-2__09-feblend-modes__feblend-mode-lighten-ref,wpt-blend-reftests-2,z1,0,0.0,0.0,0.0,0,0.0,0.0
corpus__wpt-blend-reftests-2__09-feblend-modes__feblend-mode-lighten-ref,wpt-blend-reftests-2,z2,0,0.0,0.0,0.0,0,,
corpus__wpt-blend-reftests-2__09-feblend-modes__feblend-mode-lighten-ref,wpt-blend-reftests-2,z4,0,0.0,0.0,0.0,0,,
corpus__wpt-blend-reftests-2__09-feblend-modes__feblend-mode-lighten-ref,wpt-blend-reftests-2,hd,0,0.0,0.0,0.0,0,,
corpus__wpt-blend-reftests-2__09-feblend-modes__feblend-mode-luminosity,wpt-blend-reftests-2,z1,1,0.0,0.0,0.0,0,0.0,0.0
corpus__wpt-blend-reftests-2__09-feblend-modes__feblend-mode-luminosity,wpt-blend-reftests-2,z2,1,0.0,0.0,0.0,0,,
corpus__wpt-blend-reftests-2__09-feblend-modes__feblend-mode-luminosity,wpt-blend-reftests-2,z4,1,0.0,0.0,0.0,0,,
corpus__wpt-blend-reftests-2__09-feblend-modes__feblend-mode-luminosity,wpt-blend-reftests-2,hd,1,0.0,0.0,0.0,0,,
corpus__wpt-blend-reftests-2__09-feblend-modes__feblend-mode-luminosity-ref,wpt-blend-reftests-2,z1,0,0.0,0.0,0.0,0,0.0,0.0
corpus__wpt-blend-reftests-2__09-feblend-modes__feblend-mode-luminosity-ref,wpt-blend-reftests-2,z2,0,0.0,0.0,0.0,0,,
corpus__wpt-blend-reftests-2__09-feblend-modes__feblend-mode-luminosity-ref,wpt-blend-reftests-2,z4,0,0.0,0.0,0.0,0,,
corpus__wpt-blend-reftests-2__09-feblend-modes__feblend-mode-luminosity-ref,wpt-blend-reftests-2,hd,0,0.0,0.0,0.0,0,,
corpus__wpt-blend-reftests-2__09-feblend-modes__feblend-mode-multiply,wpt-blend-reftests-2,z1,1,0.0,0.0,0.0,0,0.0,0.0
corpus__wpt-blend-reftests-2__09-feblend-modes__feblend-mode-multiply,wpt-blend-reftests-2,z2,1,0.0,0.0,0.0,0,,
corpus__wpt-blend-reftests-2__09-feblend-modes__feblend-mode-multiply,wpt-blend-reftests-2,z4,1,0.0,0.0,0.0,0,,
corpus__wpt-blend-reftests-2__09-feblend-modes__feblend-mode-multiply,wpt-blend-reftests-2,hd,1,0.0,0.0,0.0,0,,
corpus__wpt-blend-reftests-2__09-feblend-modes__feblend-mode-multiply-ref,wpt-blend-reftests-2,z1,0,0.0,0.0,0.0,0,0.0,0.0
corpus__wpt-blend-reftests-2__09-feblend-modes__feblend-mode-multiply-ref,wpt-blend-reftests-2,z2,0,0.0,0.0,0.0,0,,
corpus__wpt-blend-reftests-2__09-feblend-modes__feblend-mode-multiply-ref,wpt-blend-reftests-2,z4,0,0.0,0.0,0.0,0,,
corpus__wpt-blend-reftests-2__09-feblend-modes__feblend-mode-multiply-ref,wpt-blend-reftests-2,hd,0,0.0,0.0,0.0,0,,
corpus__wpt-blend-reftests-2__09-feblend-modes__feblend-mode-normal,wpt-blend-reftests-2,z1,1,0.0,0.0,0.0,0,0.0,0.0
corpus__wpt-blend-reftests-2__09-feblend-modes__feblend-mode-normal,wpt-blend-reftests-2,z2,1,0.0,0.0,0.0,0,,
corpus__wpt-blend-reftests-2__09-feblend-modes__feblend-mode-normal,wpt-blend-reftests-2,z4,1,0.0,0.0,0.0,0,,
corpus__wpt-blend-reftests-2__09-feblend-modes__feblend-mode-normal,wpt-blend-reftests-2,hd,1,0.0,0.0,0.0,0,,
corpus__wpt-blend-reftests-2__09-feblend-modes__feblend-mode-normal-ref,wpt-blend-reftests-2,z1,0,0.0,0.0,0.0,0,0.0,0.0
corpus__wpt-blend-reftests-2__09-feblend-modes__feblend-mode-normal-ref,wpt-blend-reftests-2,z2,0,0.0,0.0,0.0,0,,
corpus__wpt-blend-reftests-2__09-feblend-modes__feblend-mode-normal-ref,wpt-blend-reftests-2,z4,0,0.0,0.0,0.0,0,,
corpus__wpt-blend-reftests-2__09-feblend-modes__feblend-mode-normal-ref,wpt-blend-reftests-2,hd,0,0.0,0.0,0.0,0,,
corpus__wpt-blend-reftests-2__09-feblend-modes__feblend-mode-overlay,wpt-blend-reftests-2,z1,1,0.0,0.0,0.0,0,0.0,0.0
corpus__wpt-blend-reftests-2__09-feblend-modes__feblend-mode-overlay,wpt-blend-reftests-2,z2,1,0.0,0.0,0.0,0,,
corpus__wpt-blend-reftests-2__09-feblend-modes__feblend-mode-overlay,wpt-blend-reftests-2,z4,1,0.0,0.0,0.0,0,,
corpus__wpt-blend-reftests-2__09-feblend-modes__feblend-mode-overlay,wpt-blend-reftests-2,hd,1,0.0,0.0,0.0,0,,
corpus__wpt-blend-reftests-2__09-feblend-modes__feblend-mode-overlay-ref,wpt-blend-reftests-2,z1,0,0.0,0.0,0.0,0,0.0,0.0
corpus__wpt-blend-reftests-2__09-feblend-modes__feblend-mode-overlay-ref,wpt-blend-reftests-2,z2,0,0.0,0.0,0.0,0,,
corpus__wpt-blend-reftests-2__09-feblend-modes__feblend-mode-overlay-ref,wpt-blend-reftests-2,z4,0,0.0,0.0,0.0,0,,
corpus__wpt-blend-reftests-2__09-feblend-modes__feblend-mode-overlay-ref,wpt-blend-reftests-2,hd,0,0.0,0.0,0.0,0,,
corpus__wpt-blend-reftests-2__09-feblend-modes__feblend-mode-saturation,wpt-blend-reftests-2,z1,1,0.0,0.0,0.0,0,0.0,0.0
corpus__wpt-blend-reftests-2__09-feblend-modes__feblend-mode-saturation,wpt-blend-reftests-2,z2,1,0.0,0.0,0.0,0,,
corpus__wpt-blend-reftests-2__09-feblend-modes__feblend-mode-saturation,wpt-blend-reftests-2,z4,1,0.0,0.0,0.0,0,,
corpus__wpt-blend-reftests-2__09-feblend-modes__feblend-mode-saturation,wpt-blend-reftests-2,hd,1,0.0,0.0,0.0,0,,
corpus__wpt-blend-reftests-2__09-feblend-modes__feblend-mode-saturation-ref,wpt-blend-reftests-2,z1,0,0.0,0.0,0.0,0,0.0,0.0
corpus__wpt-blend-reftests-2__09-feblend-modes__feblend-mode-saturation-ref,wpt-blend-reftests-2,z2,0,0.0,0.0,0.0,0,,
corpus__wpt-blend-reftests-2__09-feblend-modes__feblend-mode-saturation-ref,wpt-blend-reftests-2,z4,0,0.0,0.0,0.0,0,,
corpus__wpt-blend-reftests-2__09-feblend-modes__feblend-mode-saturation-ref,wpt-blend-reftests-2,hd,0,0.0,0.0,0.0,0,,
corpus__wpt-blend-reftests-2__09-feblend-modes__feblend-mode-screen,wpt-blend-reftests-2,z1,1,0.0,0.0,0.0,0,0.0,0.0
corpus__wpt-blend-reftests-2__09-feblend-modes__feblend-mode-screen,wpt-blend-reftests-2,z2,1,0.0,0.0,0.0,0,,
corpus__wpt-blend-reftests-2__09-feblend-modes__feblend-mode-screen,wpt-blend-reftests-2,z4,1,0.0,0.0,0.0,0,,
corpus__wpt-blend-reftests-2__09-feblend-modes__feblend-mode-screen,wpt-blend-reftests-2,hd,1,0.0,0.0,0.0,0,,
corpus__wpt-blend-reftests-2__09-feblend-modes__feblend-mode-screen-ref,wpt-blend-reftests-2,z1,0,0.0,0.0,0.0,0,0.0,0.0
corpus__wpt-blend-reftests-2__09-feblend-modes__feblend-mode-screen-ref,wpt-blend-reftests-2,z2,0,0.0,0.0,0.0,0,,
corpus__wpt-blend-reftests-2__09-feblend-modes__feblend-mode-screen-ref,wpt-blend-reftests-2,z4,0,0.0,0.0,0.0,0,,
corpus__wpt-blend-reftests-2__09-feblend-modes__feblend-mode-screen-ref,wpt-blend-reftests-2,hd,0,0.0,0.0,0.0,0,,
corpus__wpt-blend-reftests-2__09-feblend-modes__feblend-mode-soft-light,wpt-blend-reftests-2,z1,1,0.0,0.0,0.0,0,0.0,0.0
corpus__wpt-blend-reftests-2__09-feblend-modes__feblend-mode-soft-light,wpt-blend-reftests-2,z2,1,0.0,0.0,0.0,0,,
corpus__wpt-blend-reftests-2__09-feblend-modes__feblend-mode-soft-light,wpt-blend-reftests-2,z4,1,0.0,0.0,0.0,0,,
corpus__wpt-blend-reftests-2__09-feblend-modes__feblend-mode-soft-light,wpt-blend-reftests-2,hd,1,0.0,0.0,0.0,0,,
corpus__wpt-blend-reftests-2__09-feblend-modes__feblend-mode-soft-light-ref,wpt-blend-reftests-2,z1,0,0.0,0.0,0.0,0,0.0,0.0
corpus__wpt-blend-reftests-2__09-feblend-modes__feblend-mode-soft-light-ref,wpt-blend-reftests-2,z2,0,0.0,0.0,0.0,0,,
corpus__wpt-blend-reftests-2__09-feblend-modes__feblend-mode-soft-light-ref,wpt-blend-reftests-2,z4,0,0.0,0.0,0.0,0,,
corpus__wpt-blend-reftests-2__09-feblend-modes__feblend-mode-soft-light-ref,wpt-blend-reftests-2,hd,0,0.0,0.0,0.0,0,,
corpus__wpt-blend-reftests-2__09-feblend-modes__feblend-subregion-input1,wpt-blend-reftests-2,z1,1,0.0,0.0,0.0,0,0.0,0.0
corpus__wpt-blend-reftests-2__09-feblend-modes__feblend-subregion-input1,wpt-blend-reftests-2,z2,1,0.0,0.0,0.0,0,,
corpus__wpt-blend-reftests-2__09-feblend-modes__feblend-subregion-input1,wpt-blend-reftests-2,z4,1,0.0,0.0,0.0,0,,
corpus__wpt-blend-reftests-2__09-feblend-modes__feblend-subregion-input1,wpt-blend-reftests-2,hd,1,0.0,0.0,0.0,0,,
corpus__wpt-blend-reftests-2__09-feblend-modes__feblend-subregion-input1-ref,wpt-blend-reftests-2,z1,0,0.0,0.0,0.0,0,0.0,0.0
corpus__wpt-blend-reftests-2__09-feblend-modes__feblend-subregion-input1-ref,wpt-blend-reftests-2,z2,0,0.0,0.0,0.0,0,,
corpus__wpt-blend-reftests-2__09-feblend-modes__feblend-subregion-input1-ref,wpt-blend-reftests-2,z4,0,0.0,0.0,0.0,0,,
corpus__wpt-blend-reftests-2__09-feblend-modes__feblend-subregion-input1-ref,wpt-blend-reftests-2,hd,0,0.0,0.0,0.0,0,,
corpus__wpt-blend-reftests-2__09-feblend-modes__feblend-subregion-input2,wpt-blend-reftests-2,z1,1,0.0,0.0,0.0,0,0.0,0.0
corpus__wpt-blend-reftests-2__09-feblend-modes__feblend-subregion-input2,wpt-blend-reftests-2,z2,1,0.0,0.0,0.0,0,,
corpus__wpt-blend-reftests-2__09-feblend-modes__feblend-subregion-input2,wpt-blend-reftests-2,z4,1,0.0,0.0,0.0,0,,
corpus__wpt-blend-reftests-2__09-feblend-modes__feblend-subregion-input2,wpt-blend-reftests-2,hd,1,0.0,0.0,0.0,0,,
corpus__wpt-blend-reftests-2__09-feblend-modes__feblend-subregion-input2-ref,wpt-blend-reftests-2,z1,0,0.0,0.0,0.0,0,0.0,0.0
corpus__wpt-blend-reftests-2__09-feblend-modes__feblend-subregion-input2-ref,wpt-blend-reftests-2,z2,0,0.0,0.0,0.0,0,,
corpus__wpt-blend-reftests-2__09-feblend-modes__feblend-subregion-input2-ref,wpt-blend-reftests-2,z4,0,0.0,0.0,0.0,0,,
corpus__wpt-blend-reftests-2__09-feblend-modes__feblend-subregion-input2-ref,wpt-blend-reftests-2,hd,0,0.0,0.0,0.0,0,,
corpus__wpt-blend-reftests-2__10-mix-blend-modes-all__mix-blend-color,wpt-blend-reftests-2,z1,1,0.0,0.0,0.0,0,0.0,0.0
corpus__wpt-blend-reftests-2__10-mix-blend-modes-all__mix-blend-color,wpt-blend-reftests-2,z2,1,0.0,0.0,0.0,0,,
corpus__wpt-blend-reftests-2__10-mix-blend-modes-all__mix-blend-color,wpt-blend-reftests-2,z4,1,0.0,0.0,0.0,0,,
corpus__wpt-blend-reftests-2__10-mix-blend-modes-all__mix-blend-color,wpt-blend-reftests-2,hd,1,0.0,0.0,0.0,0,,
corpus__wpt-blend-reftests-2__10-mix-blend-modes-all__mix-blend-color-burn,wpt-blend-reftests-2,z1,1,0.0,0.0,0.0,0,0.0,0.0
corpus__wpt-blend-reftests-2__10-mix-blend-modes-all__mix-blend-color-burn,wpt-blend-reftests-2,z2,1,0.0,0.0,0.0,0,,
corpus__wpt-blend-reftests-2__10-mix-blend-modes-all__mix-blend-color-burn,wpt-blend-reftests-2,z4,1,0.0,0.0,0.0,0,,
corpus__wpt-blend-reftests-2__10-mix-blend-modes-all__mix-blend-color-burn,wpt-blend-reftests-2,hd,1,0.0,0.0,0.0,0,,
corpus__wpt-blend-reftests-2__10-mix-blend-modes-all__mix-blend-color-burn-ref,wpt-blend-reftests-2,z1,0,0.0,0.0,0.0,0,0.0,0.0
corpus__wpt-blend-reftests-2__10-mix-blend-modes-all__mix-blend-color-burn-ref,wpt-blend-reftests-2,z2,0,0.0,0.0,0.0,0,,
corpus__wpt-blend-reftests-2__10-mix-blend-modes-all__mix-blend-color-burn-ref,wpt-blend-reftests-2,z4,0,0.0,0.0,0.0,0,,
corpus__wpt-blend-reftests-2__10-mix-blend-modes-all__mix-blend-color-burn-ref,wpt-blend-reftests-2,hd,0,0.0,0.0,0.0,0,,
corpus__wpt-blend-reftests-2__10-mix-blend-modes-all__mix-blend-color-dodge,wpt-blend-reftests-2,z1,1,0.0,0.0,0.0,0,0.0,0.0
corpus__wpt-blend-reftests-2__10-mix-blend-modes-all__mix-blend-color-dodge,wpt-blend-reftests-2,z2,1,0.0,0.0,0.0,0,,
corpus__wpt-blend-reftests-2__10-mix-blend-modes-all__mix-blend-color-dodge,wpt-blend-reftests-2,z4,1,0.0,0.0,0.0,0,,
corpus__wpt-blend-reftests-2__10-mix-blend-modes-all__mix-blend-color-dodge,wpt-blend-reftests-2,hd,1,0.0,0.0,0.0,0,,
corpus__wpt-blend-reftests-2__10-mix-blend-modes-all__mix-blend-color-dodge-ref,wpt-blend-reftests-2,z1,0,0.0,0.0,0.0,0,0.0,0.0
corpus__wpt-blend-reftests-2__10-mix-blend-modes-all__mix-blend-color-dodge-ref,wpt-blend-reftests-2,z2,0,0.0,0.0,0.0,0,,
corpus__wpt-blend-reftests-2__10-mix-blend-modes-all__mix-blend-color-dodge-ref,wpt-blend-reftests-2,z4,0,0.0,0.0,0.0,0,,
corpus__wpt-blend-reftests-2__10-mix-blend-modes-all__mix-blend-color-dodge-ref,wpt-blend-reftests-2,hd,0,0.0,0.0,0.0,0,,
corpus__wpt-blend-reftests-2__10-mix-blend-modes-all__mix-blend-color-ref,wpt-blend-reftests-2,z1,0,0.0,0.0,0.0,0,0.0,0.0
corpus__wpt-blend-reftests-2__10-mix-blend-modes-all__mix-blend-color-ref,wpt-blend-reftests-2,z2,0,0.0,0.0,0.0,0,,
corpus__wpt-blend-reftests-2__10-mix-blend-modes-all__mix-blend-color-ref,wpt-blend-reftests-2,z4,0,0.0,0.0,0.0,0,,
corpus__wpt-blend-reftests-2__10-mix-blend-modes-all__mix-blend-color-ref,wpt-blend-reftests-2,hd,0,0.0,0.0,0.0,0,,
corpus__wpt-blend-reftests-2__10-mix-blend-modes-all__mix-blend-darken,wpt-blend-reftests-2,z1,1,0.0,0.0,0.0,0,0.0,0.0
corpus__wpt-blend-reftests-2__10-mix-blend-modes-all__mix-blend-darken,wpt-blend-reftests-2,z2,1,0.0,0.0,0.0,0,,
corpus__wpt-blend-reftests-2__10-mix-blend-modes-all__mix-blend-darken,wpt-blend-reftests-2,z4,1,0.0,0.0,0.0,0,,
corpus__wpt-blend-reftests-2__10-mix-blend-modes-all__mix-blend-darken,wpt-blend-reftests-2,hd,1,0.0,0.0,0.0,0,,
corpus__wpt-blend-reftests-2__10-mix-blend-modes-all__mix-blend-darken-ref,wpt-blend-reftests-2,z1,0,0.0,0.0,0.0,0,0.0,0.0
corpus__wpt-blend-reftests-2__10-mix-blend-modes-all__mix-blend-darken-ref,wpt-blend-reftests-2,z2,0,0.0,0.0,0.0,0,,
corpus__wpt-blend-reftests-2__10-mix-blend-modes-all__mix-blend-darken-ref,wpt-blend-reftests-2,z4,0,0.0,0.0,0.0,0,,
corpus__wpt-blend-reftests-2__10-mix-blend-modes-all__mix-blend-darken-ref,wpt-blend-reftests-2,hd,0,0.0,0.0,0.0,0,,
corpus__wpt-blend-reftests-2__10-mix-blend-modes-all__mix-blend-difference,wpt-blend-reftests-2,z1,1,0.0,0.0,0.0,0,0.0,0.0
corpus__wpt-blend-reftests-2__10-mix-blend-modes-all__mix-blend-difference,wpt-blend-reftests-2,z2,1,0.0,0.0,0.0,0,,
corpus__wpt-blend-reftests-2__10-mix-blend-modes-all__mix-blend-difference,wpt-blend-reftests-2,z4,1,0.0,0.0,0.0,0,,
corpus__wpt-blend-reftests-2__10-mix-blend-modes-all__mix-blend-difference,wpt-blend-reftests-2,hd,1,0.0,0.0,0.0,0,,
corpus__wpt-blend-reftests-2__10-mix-blend-modes-all__mix-blend-difference-ref,wpt-blend-reftests-2,z1,0,0.0,0.0,0.0,0,0.0,0.0
corpus__wpt-blend-reftests-2__10-mix-blend-modes-all__mix-blend-difference-ref,wpt-blend-reftests-2,z2,0,0.0,0.0,0.0,0,,
corpus__wpt-blend-reftests-2__10-mix-blend-modes-all__mix-blend-difference-ref,wpt-blend-reftests-2,z4,0,0.0,0.0,0.0,0,,
corpus__wpt-blend-reftests-2__10-mix-blend-modes-all__mix-blend-difference-ref,wpt-blend-reftests-2,hd,0,0.0,0.0,0.0,0,,
corpus__wpt-blend-reftests-2__10-mix-blend-modes-all__mix-blend-exclusion,wpt-blend-reftests-2,z1,1,0.0,0.0,0.0,1,0.0,0.0
corpus__wpt-blend-reftests-2__10-mix-blend-modes-all__mix-blend-exclusion,wpt-blend-reftests-2,z2,1,0.0,0.0,0.0,1,,
corpus__wpt-blend-reftests-2__10-mix-blend-modes-all__mix-blend-exclusion,wpt-blend-reftests-2,z4,1,0.0,0.0,0.0,1,,
corpus__wpt-blend-reftests-2__10-mix-blend-modes-all__mix-blend-exclusion,wpt-blend-reftests-2,hd,1,0.0,0.0,0.0,1,,
corpus__wpt-blend-reftests-2__10-mix-blend-modes-all__mix-blend-exclusion-ref,wpt-blend-reftests-2,z1,0,0.0,0.0,0.0,0,0.0,0.0
corpus__wpt-blend-reftests-2__10-mix-blend-modes-all__mix-blend-exclusion-ref,wpt-blend-reftests-2,z2,0,0.0,0.0,0.0,0,,
corpus__wpt-blend-reftests-2__10-mix-blend-modes-all__mix-blend-exclusion-ref,wpt-blend-reftests-2,z4,0,0.0,0.0,0.0,0,,
corpus__wpt-blend-reftests-2__10-mix-blend-modes-all__mix-blend-exclusion-ref,wpt-blend-reftests-2,hd,0,0.0,0.0,0.0,0,,
corpus__wpt-blend-reftests-2__10-mix-blend-modes-all__mix-blend-hard-light,wpt-blend-reftests-2,z1,1,0.0,0.0,0.0,0,0.0,0.0
corpus__wpt-blend-reftests-2__10-mix-blend-modes-all__mix-blend-hard-light,wpt-blend-reftests-2,z2,1,0.0,0.0,0.0,0,,
corpus__wpt-blend-reftests-2__10-mix-blend-modes-all__mix-blend-hard-light,wpt-blend-reftests-2,z4,1,0.0,0.0,0.0,0,,
corpus__wpt-blend-reftests-2__10-mix-blend-modes-all__mix-blend-hard-light,wpt-blend-reftests-2,hd,1,0.0,0.0,0.0,0,,
corpus__wpt-blend-reftests-2__10-mix-blend-modes-all__mix-blend-hard-light-ref,wpt-blend-reftests-2,z1,0,0.0,0.0,0.0,0,0.0,0.0
corpus__wpt-blend-reftests-2__10-mix-blend-modes-all__mix-blend-hard-light-ref,wpt-blend-reftests-2,z2,0,0.0,0.0,0.0,0,,
corpus__wpt-blend-reftests-2__10-mix-blend-modes-all__mix-blend-hard-light-ref,wpt-blend-reftests-2,z4,0,0.0,0.0,0.0,0,,
corpus__wpt-blend-reftests-2__10-mix-blend-modes-all__mix-blend-hard-light-ref,wpt-blend-reftests-2,hd,0,0.0,0.0,0.0,0,,
corpus__wpt-blend-reftests-2__10-mix-blend-modes-all__mix-blend-hue,wpt-blend-reftests-2,z1,1,0.0,0.0,0.0,0,0.0,0.0
corpus__wpt-blend-reftests-2__10-mix-blend-modes-all__mix-blend-hue,wpt-blend-reftests-2,z2,1,0.0,0.0,0.0,0,,
corpus__wpt-blend-reftests-2__10-mix-blend-modes-all__mix-blend-hue,wpt-blend-reftests-2,z4,1,0.0,0.0,0.0,0,,
corpus__wpt-blend-reftests-2__10-mix-blend-modes-all__mix-blend-hue,wpt-blend-reftests-2,hd,1,0.0,0.0,0.0,0,,
corpus__wpt-blend-reftests-2__10-mix-blend-modes-all__mix-blend-hue-ref,wpt-blend-reftests-2,z1,0,0.0,0.0,0.0,0,0.0,0.0
corpus__wpt-blend-reftests-2__10-mix-blend-modes-all__mix-blend-hue-ref,wpt-blend-reftests-2,z2,0,0.0,0.0,0.0,0,,
corpus__wpt-blend-reftests-2__10-mix-blend-modes-all__mix-blend-hue-ref,wpt-blend-reftests-2,z4,0,0.0,0.0,0.0,0,,
corpus__wpt-blend-reftests-2__10-mix-blend-modes-all__mix-blend-hue-ref,wpt-blend-reftests-2,hd,0,0.0,0.0,0.0,0,,
corpus__wpt-blend-reftests-2__10-mix-blend-modes-all__mix-blend-lighten,wpt-blend-reftests-2,z1,1,0.0,0.0,0.0,0,0.0,0.0
corpus__wpt-blend-reftests-2__10-mix-blend-modes-all__mix-blend-lighten,wpt-blend-reftests-2,z2,1,0.0,0.0,0.0,0,,
corpus__wpt-blend-reftests-2__10-mix-blend-modes-all__mix-blend-lighten,wpt-blend-reftests-2,z4,1,0.0,0.0,0.0,0,,
corpus__wpt-blend-reftests-2__10-mix-blend-modes-all__mix-blend-lighten,wpt-blend-reftests-2,hd,1,0.0,0.0,0.0,0,,
corpus__wpt-blend-reftests-2__10-mix-blend-modes-all__mix-blend-lighten-ref,wpt-blend-reftests-2,z1,0,0.0,0.0,0.0,0,0.0,0.0
corpus__wpt-blend-reftests-2__10-mix-blend-modes-all__mix-blend-lighten-ref,wpt-blend-reftests-2,z2,0,0.0,0.0,0.0,0,,
corpus__wpt-blend-reftests-2__10-mix-blend-modes-all__mix-blend-lighten-ref,wpt-blend-reftests-2,z4,0,0.0,0.0,0.0,0,,
corpus__wpt-blend-reftests-2__10-mix-blend-modes-all__mix-blend-lighten-ref,wpt-blend-reftests-2,hd,0,0.0,0.0,0.0,0,,
corpus__wpt-blend-reftests-2__10-mix-blend-modes-all__mix-blend-luminosity,wpt-blend-reftests-2,z1,1,0.0,0.0,0.0,0,0.0,0.0
corpus__wpt-blend-reftests-2__10-mix-blend-modes-all__mix-blend-luminosity,wpt-blend-reftests-2,z2,1,0.0,0.0,0.0,0,,
corpus__wpt-blend-reftests-2__10-mix-blend-modes-all__mix-blend-luminosity,wpt-blend-reftests-2,z4,1,0.0,0.0,0.0,0,,
corpus__wpt-blend-reftests-2__10-mix-blend-modes-all__mix-blend-luminosity,wpt-blend-reftests-2,hd,1,0.0,0.0,0.0,0,,
corpus__wpt-blend-reftests-2__10-mix-blend-modes-all__mix-blend-luminosity-ref,wpt-blend-reftests-2,z1,0,0.0,0.0,0.0,0,0.0,0.0
corpus__wpt-blend-reftests-2__10-mix-blend-modes-all__mix-blend-luminosity-ref,wpt-blend-reftests-2,z2,0,0.0,0.0,0.0,0,,
corpus__wpt-blend-reftests-2__10-mix-blend-modes-all__mix-blend-luminosity-ref,wpt-blend-reftests-2,z4,0,0.0,0.0,0.0,0,,
corpus__wpt-blend-reftests-2__10-mix-blend-modes-all__mix-blend-luminosity-ref,wpt-blend-reftests-2,hd,0,0.0,0.0,0.0,0,,
corpus__wpt-blend-reftests-2__10-mix-blend-modes-all__mix-blend-multiply,wpt-blend-reftests-2,z1,1,0.0,0.0,0.0,0,0.0,0.0
corpus__wpt-blend-reftests-2__10-mix-blend-modes-all__mix-blend-multiply,wpt-blend-reftests-2,z2,1,0.0,0.0,0.0,0,,
corpus__wpt-blend-reftests-2__10-mix-blend-modes-all__mix-blend-multiply,wpt-blend-reftests-2,z4,1,0.0,0.0,0.0,0,,
corpus__wpt-blend-reftests-2__10-mix-blend-modes-all__mix-blend-multiply,wpt-blend-reftests-2,hd,1,0.0,0.0,0.0,0,,
corpus__wpt-blend-reftests-2__10-mix-blend-modes-all__mix-blend-multiply-ref,wpt-blend-reftests-2,z1,0,0.0,0.0,0.0,0,0.0,0.0
corpus__wpt-blend-reftests-2__10-mix-blend-modes-all__mix-blend-multiply-ref,wpt-blend-reftests-2,z2,0,0.0,0.0,0.0,0,,
corpus__wpt-blend-reftests-2__10-mix-blend-modes-all__mix-blend-multiply-ref,wpt-blend-reftests-2,z4,0,0.0,0.0,0.0,0,,
corpus__wpt-blend-reftests-2__10-mix-blend-modes-all__mix-blend-multiply-ref,wpt-blend-reftests-2,hd,0,0.0,0.0,0.0,0,,
corpus__wpt-blend-reftests-2__10-mix-blend-modes-all__mix-blend-normal,wpt-blend-reftests-2,z1,0,0.0,0.0,0.0,0,0.0,0.0
corpus__wpt-blend-reftests-2__10-mix-blend-modes-all__mix-blend-normal,wpt-blend-reftests-2,z2,0,0.0,0.0,0.0,0,,
corpus__wpt-blend-reftests-2__10-mix-blend-modes-all__mix-blend-normal,wpt-blend-reftests-2,z4,0,0.0,0.0,0.0,0,,
corpus__wpt-blend-reftests-2__10-mix-blend-modes-all__mix-blend-normal,wpt-blend-reftests-2,hd,0,0.0,0.0,0.0,0,,
corpus__wpt-blend-reftests-2__10-mix-blend-modes-all__mix-blend-normal-ref,wpt-blend-reftests-2,z1,0,0.0,0.0,0.0,0,0.0,0.0
corpus__wpt-blend-reftests-2__10-mix-blend-modes-all__mix-blend-normal-ref,wpt-blend-reftests-2,z2,0,0.0,0.0,0.0,0,,
corpus__wpt-blend-reftests-2__10-mix-blend-modes-all__mix-blend-normal-ref,wpt-blend-reftests-2,z4,0,0.0,0.0,0.0,0,,
corpus__wpt-blend-reftests-2__10-mix-blend-modes-all__mix-blend-normal-ref,wpt-blend-reftests-2,hd,0,0.0,0.0,0.0,0,,
corpus__wpt-blend-reftests-2__10-mix-blend-modes-all__mix-blend-overlay,wpt-blend-reftests-2,z1,1,0.0,0.0,0.0,0,0.0,0.0
corpus__wpt-blend-reftests-2__10-mix-blend-modes-all__mix-blend-overlay,wpt-blend-reftests-2,z2,1,0.0,0.0,0.0,0,,
corpus__wpt-blend-reftests-2__10-mix-blend-modes-all__mix-blend-overlay,wpt-blend-reftests-2,z4,1,0.0,0.0,0.0,0,,
corpus__wpt-blend-reftests-2__10-mix-blend-modes-all__mix-blend-overlay,wpt-blend-reftests-2,hd,1,0.0,0.0,0.0,0,,
corpus__wpt-blend-reftests-2__10-mix-blend-modes-all__mix-blend-overlay-ref,wpt-blend-reftests-2,z1,0,0.0,0.0,0.0,0,0.0,0.0
corpus__wpt-blend-reftests-2__10-mix-blend-modes-all__mix-blend-overlay-ref,wpt-blend-reftests-2,z2,0,0.0,0.0,0.0,0,,
corpus__wpt-blend-reftests-2__10-mix-blend-modes-all__mix-blend-overlay-ref,wpt-blend-reftests-2,z4,0,0.0,0.0,0.0,0,,
corpus__wpt-blend-reftests-2__10-mix-blend-modes-all__mix-blend-overlay-ref,wpt-blend-reftests-2,hd,0,0.0,0.0,0.0,0,,
corpus__wpt-blend-reftests-2__10-mix-blend-modes-all__mix-blend-saturation,wpt-blend-reftests-2,z1,1,0.0,0.0,0.0,0,0.0,0.0
corpus__wpt-blend-reftests-2__10-mix-blend-modes-all__mix-blend-saturation,wpt-blend-reftests-2,z2,1,0.0,0.0,0.0,0,,
corpus__wpt-blend-reftests-2__10-mix-blend-modes-all__mix-blend-saturation,wpt-blend-reftests-2,z4,1,0.0,0.0,0.0,0,,
corpus__wpt-blend-reftests-2__10-mix-blend-modes-all__mix-blend-saturation,wpt-blend-reftests-2,hd,1,0.0,0.0,0.0,0,,
corpus__wpt-blend-reftests-2__10-mix-blend-modes-all__mix-blend-saturation-ref,wpt-blend-reftests-2,z1,0,0.0,0.0,0.0,0,0.0,0.0
corpus__wpt-blend-reftests-2__10-mix-blend-modes-all__mix-blend-saturation-ref,wpt-blend-reftests-2,z2,0,0.0,0.0,0.0,0,,
corpus__wpt-blend-reftests-2__10-mix-blend-modes-all__mix-blend-saturation-ref,wpt-blend-reftests-2,z4,0,0.0,0.0,0.0,0,,
corpus__wpt-blend-reftests-2__10-mix-blend-modes-all__mix-blend-saturation-ref,wpt-blend-reftests-2,hd,0,0.0,0.0,0.0,0,,
corpus__wpt-blend-reftests-2__10-mix-blend-modes-all__mix-blend-screen,wpt-blend-reftests-2,z1,1,0.0,0.0,0.0,0,0.0,0.0
corpus__wpt-blend-reftests-2__10-mix-blend-modes-all__mix-blend-screen,wpt-blend-reftests-2,z2,1,0.0,0.0,0.0,0,,
corpus__wpt-blend-reftests-2__10-mix-blend-modes-all__mix-blend-screen,wpt-blend-reftests-2,z4,1,0.0,0.0,0.0,0,,
corpus__wpt-blend-reftests-2__10-mix-blend-modes-all__mix-blend-screen,wpt-blend-reftests-2,hd,1,0.0,0.0,0.0,0,,
corpus__wpt-blend-reftests-2__10-mix-blend-modes-all__mix-blend-screen-ref,wpt-blend-reftests-2,z1,0,0.0,0.0,0.0,0,0.0,0.0
corpus__wpt-blend-reftests-2__10-mix-blend-modes-all__mix-blend-screen-ref,wpt-blend-reftests-2,z2,0,0.0,0.0,0.0,0,,
corpus__wpt-blend-reftests-2__10-mix-blend-modes-all__mix-blend-screen-ref,wpt-blend-reftests-2,z4,0,0.0,0.0,0.0,0,,
corpus__wpt-blend-reftests-2__10-mix-blend-modes-all__mix-blend-screen-ref,wpt-blend-reftests-2,hd,0,0.0,0.0,0.0,0,,
corpus__wpt-blend-reftests-2__10-mix-blend-modes-all__mix-blend-soft-light,wpt-blend-reftests-2,z1,1,0.0,0.0,0.0,0,0.0,0.0
corpus__wpt-blend-reftests-2__10-mix-blend-modes-all__mix-blend-soft-light,wpt-blend-reftests-2,z2,1,0.0,0.0,0.0,0,,
corpus__wpt-blend-reftests-2__10-mix-blend-modes-all__mix-blend-soft-light,wpt-blend-reftests-2,z4,1,0.0,0.0,0.0,0,,
corpus__wpt-blend-reftests-2__10-mix-blend-modes-all__mix-blend-soft-light,wpt-blend-reftests-2,hd,1,0.0,0.0,0.0,0,,
corpus__wpt-blend-reftests-2__10-mix-blend-modes-all__mix-blend-soft-light-ref,wpt-blend-reftests-2,z1,0,0.0,0.0,0.0,0,0.0,0.0
corpus__wpt-blend-reftests-2__10-mix-blend-modes-all__mix-blend-soft-light-ref,wpt-blend-reftests-2,z2,0,0.0,0.0,0.0,0,,
corpus__wpt-blend-reftests-2__10-mix-blend-modes-all__mix-blend-soft-light-ref,wpt-blend-reftests-2,z4,0,0.0,0.0,0.0,0,,
corpus__wpt-blend-reftests-2__10-mix-blend-modes-all__mix-blend-soft-light-ref,wpt-blend-reftests-2,hd,0,0.0,0.0,0.0,0,,
corpus__wpt-blend-reftests-2__11-blend-gradients-and-clips__blend-clip-path-gradient-difference,wpt-blend-reftests-2,z1,1,0.426,0.344,0.0,119,0.343,0.0
corpus__wpt-blend-reftests-2__11-blend-gradients-and-clips__blend-clip-path-gradient-difference,wpt-blend-reftests-2,z2,1,0.696,0.567,0.0,112,,
corpus__wpt-blend-reftests-2__11-blend-gradients-and-clips__blend-clip-path-gradient-difference,wpt-blend-reftests-2,z4,1,0.349,0.3,0.0,106,,
corpus__wpt-blend-reftests-2__11-blend-gradients-and-clips__blend-clip-path-gradient-difference,wpt-blend-reftests-2,hd,1,0.131,0.097,0.0,127,,
corpus__wpt-blend-reftests-2__11-blend-gradients-and-clips__blend-clip-path-gradient-difference-ref,wpt-blend-reftests-2,z1,0,0.424,0.344,0.0,119,0.344,0.0
corpus__wpt-blend-reftests-2__11-blend-gradients-and-clips__blend-clip-path-gradient-difference-ref,wpt-blend-reftests-2,z2,0,0.695,0.567,0.0,112,,
corpus__wpt-blend-reftests-2__11-blend-gradients-and-clips__blend-clip-path-gradient-difference-ref,wpt-blend-reftests-2,z4,0,0.349,0.3,0.0,106,,
corpus__wpt-blend-reftests-2__11-blend-gradients-and-clips__blend-clip-path-gradient-difference-ref,wpt-blend-reftests-2,hd,0,0.131,0.097,0.0,127,,
corpus__wpt-blend-reftests-2__11-blend-gradients-and-clips__blend-clip-path-nested-overlay,wpt-blend-reftests-2,z1,2,0.265,0.202,0.0,70,0.191,0.002
corpus__wpt-blend-reftests-2__11-blend-gradients-and-clips__blend-clip-path-nested-overlay,wpt-blend-reftests-2,z2,2,0.545,0.398,0.0,84,,
corpus__wpt-blend-reftests-2__11-blend-gradients-and-clips__blend-clip-path-nested-overlay,wpt-blend-reftests-2,z4,2,0.181,0.132,0.0,75,,
corpus__wpt-blend-reftests-2__11-blend-gradients-and-clips__blend-clip-path-nested-overlay,wpt-blend-reftests-2,hd,2,0.085,0.061,0.0,89,,
corpus__wpt-blend-reftests-2__11-blend-gradients-and-clips__blend-clip-path-nested-overlay-ref,wpt-blend-reftests-2,z1,0,0.265,0.202,0.0,70,0.191,0.002
corpus__wpt-blend-reftests-2__11-blend-gradients-and-clips__blend-clip-path-nested-overlay-ref,wpt-blend-reftests-2,z2,0,0.551,0.398,0.0,84,,
corpus__wpt-blend-reftests-2__11-blend-gradients-and-clips__blend-clip-path-nested-overlay-ref,wpt-blend-reftests-2,z4,0,0.181,0.132,0.0,75,,
corpus__wpt-blend-reftests-2__11-blend-gradients-and-clips__blend-clip-path-nested-overlay-ref,wpt-blend-reftests-2,hd,0,0.085,0.061,0.0,89,,
corpus__wpt-blend-reftests-2__11-blend-gradients-and-clips__blend-gradient-alpha-screen,wpt-blend-reftests-2,z1,1,0.0,0.0,0.0,3,0.0,0.0
corpus__wpt-blend-reftests-2__11-blend-gradients-and-clips__blend-gradient-alpha-screen,wpt-blend-reftests-2,z2,1,0.0,0.0,0.0,3,,
corpus__wpt-blend-reftests-2__11-blend-gradients-and-clips__blend-gradient-alpha-screen,wpt-blend-reftests-2,z4,1,0.0,0.0,0.0,3,,
corpus__wpt-blend-reftests-2__11-blend-gradients-and-clips__blend-gradient-alpha-screen,wpt-blend-reftests-2,hd,1,0.0,0.0,0.0,3,,
corpus__wpt-blend-reftests-2__11-blend-gradients-and-clips__blend-gradient-alpha-screen-ref,wpt-blend-reftests-2,z1,0,0.0,0.0,0.0,3,0.0,0.0
corpus__wpt-blend-reftests-2__11-blend-gradients-and-clips__blend-gradient-alpha-screen-ref,wpt-blend-reftests-2,z2,0,0.0,0.0,0.0,3,,
corpus__wpt-blend-reftests-2__11-blend-gradients-and-clips__blend-gradient-alpha-screen-ref,wpt-blend-reftests-2,z4,0,0.0,0.0,0.0,3,,
corpus__wpt-blend-reftests-2__11-blend-gradients-and-clips__blend-gradient-alpha-screen-ref,wpt-blend-reftests-2,hd,0,0.0,0.0,0.0,3,,
corpus__wpt-blend-reftests-2__11-blend-gradients-and-clips__blend-group-opacity-gradient,wpt-blend-reftests-2,z1,1,0.0,0.0,0.0,1,0.0,0.0
corpus__wpt-blend-reftests-2__11-blend-gradients-and-clips__blend-group-opacity-gradient,wpt-blend-reftests-2,z2,1,0.0,0.0,0.0,1,,
corpus__wpt-blend-reftests-2__11-blend-gradients-and-clips__blend-group-opacity-gradient,wpt-blend-reftests-2,z4,1,0.0,0.0,0.0,1,,
corpus__wpt-blend-reftests-2__11-blend-gradients-and-clips__blend-group-opacity-gradient,wpt-blend-reftests-2,hd,1,0.0,0.0,0.0,1,,
corpus__wpt-blend-reftests-2__11-blend-gradients-and-clips__blend-group-opacity-gradient-ref,wpt-blend-reftests-2,z1,1,0.0,0.0,0.0,1,0.0,0.0
corpus__wpt-blend-reftests-2__11-blend-gradients-and-clips__blend-group-opacity-gradient-ref,wpt-blend-reftests-2,z2,1,0.0,0.0,0.0,1,,
corpus__wpt-blend-reftests-2__11-blend-gradients-and-clips__blend-group-opacity-gradient-ref,wpt-blend-reftests-2,z4,1,0.0,0.0,0.0,1,,
corpus__wpt-blend-reftests-2__11-blend-gradients-and-clips__blend-group-opacity-gradient-ref,wpt-blend-reftests-2,hd,1,0.0,0.0,0.0,1,,
corpus__wpt-blend-reftests-2__11-blend-gradients-and-clips__blend-radial-gradient-multiply,wpt-blend-reftests-2,z1,1,0.0,0.0,0.0,3,0.0,0.0
corpus__wpt-blend-reftests-2__11-blend-gradients-and-clips__blend-radial-gradient-multiply,wpt-blend-reftests-2,z2,1,0.0,0.0,0.0,3,,
corpus__wpt-blend-reftests-2__11-blend-gradients-and-clips__blend-radial-gradient-multiply,wpt-blend-reftests-2,z4,1,0.0,0.0,0.0,3,,
corpus__wpt-blend-reftests-2__11-blend-gradients-and-clips__blend-radial-gradient-multiply,wpt-blend-reftests-2,hd,1,0.0,0.0,0.0,3,,
corpus__wpt-blend-reftests-2__11-blend-gradients-and-clips__blend-radial-gradient-multiply-ref,wpt-blend-reftests-2,z1,0,0.0,0.0,0.0,3,0.0,0.0
corpus__wpt-blend-reftests-2__11-blend-gradients-and-clips__blend-radial-gradient-multiply-ref,wpt-blend-reftests-2,z2,0,0.0,0.0,0.0,3,,
corpus__wpt-blend-reftests-2__11-blend-gradients-and-clips__blend-radial-gradient-multiply-ref,wpt-blend-reftests-2,z4,0,0.0,0.0,0.0,3,,
corpus__wpt-blend-reftests-2__11-blend-gradients-and-clips__blend-radial-gradient-multiply-ref,wpt-blend-reftests-2,hd,0,0.0,0.0,0.0,3,,
corpus__wpt-blend-reftests-2__11-blend-gradients-and-clips__blend-scissor-rect-clip,wpt-blend-reftests-2,z1,1,0.0,0.0,0.0,0,0.0,0.0
corpus__wpt-blend-reftests-2__11-blend-gradients-and-clips__blend-scissor-rect-clip,wpt-blend-reftests-2,z2,1,0.0,0.0,0.0,0,,
corpus__wpt-blend-reftests-2__11-blend-gradients-and-clips__blend-scissor-rect-clip,wpt-blend-reftests-2,z4,1,0.0,0.0,0.0,0,,
corpus__wpt-blend-reftests-2__11-blend-gradients-and-clips__blend-scissor-rect-clip,wpt-blend-reftests-2,hd,1,0.0,0.0,0.0,0,,
corpus__wpt-blend-reftests-2__11-blend-gradients-and-clips__blend-scissor-rect-clip-ref,wpt-blend-reftests-2,z1,0,0.0,0.0,0.0,0,0.0,0.0
corpus__wpt-blend-reftests-2__11-blend-gradients-and-clips__blend-scissor-rect-clip-ref,wpt-blend-reftests-2,z2,0,0.0,0.0,0.0,0,,
corpus__wpt-blend-reftests-2__11-blend-gradients-and-clips__blend-scissor-rect-clip-ref,wpt-blend-reftests-2,z4,0,0.0,0.0,0.0,0,,
corpus__wpt-blend-reftests-2__11-blend-gradients-and-clips__blend-scissor-rect-clip-ref,wpt-blend-reftests-2,hd,0,0.0,0.0,0.0,0,,
corpus__wpt-blend-reftests-2__12-blend-filter-chains__filter-chain-blur-feblend-sourcealpha,wpt-blend-reftests-2,z1,0,21.405,21.405,20.3478,255,21.405,0.0
corpus__wpt-blend-reftests-2__12-blend-filter-chains__filter-chain-blur-feblend-sourcealpha,wpt-blend-reftests-2,z2,0,69.565,69.565,68.6957,255,,
corpus__wpt-blend-reftests-2__12-blend-filter-chains__filter-chain-blur-feblend-sourcealpha,wpt-blend-reftests-2,z4,0,100.0,100.0,100.0,255,,
corpus__wpt-blend-reftests-2__12-blend-filter-chains__filter-chain-blur-feblend-sourcealpha,wpt-blend-reftests-2,hd,0,36.0,36.0,35.6674,255,,
corpus__wpt-blend-reftests-2__12-blend-filter-chains__filter-chain-blur-feblend-sourcealpha-ref,wpt-blend-reftests-2,z1,0,0.0,0.0,0.0,0,0.0,0.0
corpus__wpt-blend-reftests-2__12-blend-filter-chains__filter-chain-blur-feblend-sourcealpha-ref,wpt-blend-reftests-2,z2,0,0.0,0.0,0.0,0,,
corpus__wpt-blend-reftests-2__12-blend-filter-chains__filter-chain-blur-feblend-sourcealpha-ref,wpt-blend-reftests-2,z4,0,0.0,0.0,0.0,0,,
corpus__wpt-blend-reftests-2__12-blend-filter-chains__filter-chain-blur-feblend-sourcealpha-ref,wpt-blend-reftests-2,hd,0,0.0,0.0,0.0,0,,
corpus__wpt-blend-reftests-2__12-blend-filter-chains__filter-chain-colormatrix-feblend-screen,wpt-blend-reftests-2,z1,1,21.405,21.405,20.3478,255,21.405,0.0
corpus__wpt-blend-reftests-2__12-blend-filter-chains__filter-chain-colormatrix-feblend-screen,wpt-blend-reftests-2,z2,1,69.565,69.565,68.6957,255,,
corpus__wpt-blend-reftests-2__12-blend-filter-chains__filter-chain-colormatrix-feblend-screen,wpt-blend-reftests-2,z4,1,100.0,100.0,100.0,255,,
corpus__wpt-blend-reftests-2__12-blend-filter-chains__filter-chain-colormatrix-feblend-screen,wpt-blend-reftests-2,hd,1,36.0,36.0,35.6674,255,,
corpus__wpt-blend-reftests-2__12-blend-filter-chains__filter-chain-colormatrix-feblend-screen-ref,wpt-blend-reftests-2,z1,0,0.0,0.0,0.0,0,0.0,0.0
corpus__wpt-blend-reftests-2__12-blend-filter-chains__filter-chain-colormatrix-feblend-screen-ref,wpt-blend-reftests-2,z2,0,0.0,0.0,0.0,0,,
corpus__wpt-blend-reftests-2__12-blend-filter-chains__filter-chain-colormatrix-feblend-screen-ref,wpt-blend-reftests-2,z4,0,0.0,0.0,0.0,0,,
corpus__wpt-blend-reftests-2__12-blend-filter-chains__filter-chain-colormatrix-feblend-screen-ref,wpt-blend-reftests-2,hd,0,0.0,0.0,0.0,0,,
corpus__wpt-blend-reftests-2__12-blend-filter-chains__filter-chain-double-feblend,wpt-blend-reftests-2,z1,0,0.0,0.0,0.0,0,0.0,0.0
corpus__wpt-blend-reftests-2__12-blend-filter-chains__filter-chain-double-feblend,wpt-blend-reftests-2,z2,0,0.0,0.0,0.0,0,,
corpus__wpt-blend-reftests-2__12-blend-filter-chains__filter-chain-double-feblend,wpt-blend-reftests-2,z4,0,0.0,0.0,0.0,0,,
corpus__wpt-blend-reftests-2__12-blend-filter-chains__filter-chain-double-feblend,wpt-blend-reftests-2,hd,0,0.0,0.0,0.0,0,,
corpus__wpt-blend-reftests-2__12-blend-filter-chains__filter-chain-double-feblend-ref,wpt-blend-reftests-2,z1,0,0.0,0.0,0.0,0,0.0,0.0
corpus__wpt-blend-reftests-2__12-blend-filter-chains__filter-chain-double-feblend-ref,wpt-blend-reftests-2,z2,0,0.0,0.0,0.0,0,,
corpus__wpt-blend-reftests-2__12-blend-filter-chains__filter-chain-double-feblend-ref,wpt-blend-reftests-2,z4,0,0.0,0.0,0.0,0,,
corpus__wpt-blend-reftests-2__12-blend-filter-chains__filter-chain-double-feblend-ref,wpt-blend-reftests-2,hd,0,0.0,0.0,0.0,0,,
corpus__wpt-blend-reftests-2__12-blend-filter-chains__filter-chain-offset-blur-feblend,wpt-blend-reftests-2,z1,0,21.405,21.405,20.3478,255,21.405,0.0
corpus__wpt-blend-reftests-2__12-blend-filter-chains__filter-chain-offset-blur-feblend,wpt-blend-reftests-2,z2,0,69.565,69.565,68.6957,255,,
corpus__wpt-blend-reftests-2__12-blend-filter-chains__filter-chain-offset-blur-feblend,wpt-blend-reftests-2,z4,0,100.0,100.0,100.0,255,,
corpus__wpt-blend-reftests-2__12-blend-filter-chains__filter-chain-offset-blur-feblend,wpt-blend-reftests-2,hd,0,36.0,36.0,35.6674,255,,
corpus__wpt-blend-reftests-2__12-blend-filter-chains__filter-chain-offset-blur-feblend-ref,wpt-blend-reftests-2,z1,0,0.0,0.0,0.0,0,0.0,0.0
corpus__wpt-blend-reftests-2__12-blend-filter-chains__filter-chain-offset-blur-feblend-ref,wpt-blend-reftests-2,z2,0,0.0,0.0,0.0,0,,
corpus__wpt-blend-reftests-2__12-blend-filter-chains__filter-chain-offset-blur-feblend-ref,wpt-blend-reftests-2,z4,0,0.0,0.0,0.0,0,,
corpus__wpt-blend-reftests-2__12-blend-filter-chains__filter-chain-offset-blur-feblend-ref,wpt-blend-reftests-2,hd,0,0.0,0.0,0.0,0,,
corpus__wpt-blend-reftests-2__12-blend-filter-chains__filter-layer-mix-blend-filtered,wpt-blend-reftests-2,z1,1,0.0,0.0,0.0,0,0.0,0.0
corpus__wpt-blend-reftests-2__12-blend-filter-chains__filter-layer-mix-blend-filtered,wpt-blend-reftests-2,z2,1,0.0,0.0,0.0,0,,
corpus__wpt-blend-reftests-2__12-blend-filter-chains__filter-layer-mix-blend-filtered,wpt-blend-reftests-2,z4,1,0.0,0.0,0.0,0,,
corpus__wpt-blend-reftests-2__12-blend-filter-chains__filter-layer-mix-blend-filtered,wpt-blend-reftests-2,hd,1,0.0,0.0,0.0,0,,
corpus__wpt-blend-reftests-2__12-blend-filter-chains__filter-layer-mix-blend-filtered-ref,wpt-blend-reftests-2,z1,0,0.0,0.0,0.0,0,0.0,0.0
corpus__wpt-blend-reftests-2__12-blend-filter-chains__filter-layer-mix-blend-filtered-ref,wpt-blend-reftests-2,z2,0,0.0,0.0,0.0,0,,
corpus__wpt-blend-reftests-2__12-blend-filter-chains__filter-layer-mix-blend-filtered-ref,wpt-blend-reftests-2,z4,0,0.0,0.0,0.0,0,,
corpus__wpt-blend-reftests-2__12-blend-filter-chains__filter-layer-mix-blend-filtered-ref,wpt-blend-reftests-2,hd,0,0.0,0.0,0.0,0,,
corpus__wpt-blend-reftests-2__12-blend-filter-chains__filter-subregion-chain-feblend,wpt-blend-reftests-2,z1,0,21.405,21.405,20.3478,255,21.405,0.0
corpus__wpt-blend-reftests-2__12-blend-filter-chains__filter-subregion-chain-feblend,wpt-blend-reftests-2,z2,0,69.565,69.565,68.6957,255,,
corpus__wpt-blend-reftests-2__12-blend-filter-chains__filter-subregion-chain-feblend,wpt-blend-reftests-2,z4,0,100.0,100.0,100.0,255,,
corpus__wpt-blend-reftests-2__12-blend-filter-chains__filter-subregion-chain-feblend,wpt-blend-reftests-2,hd,0,36.0,36.0,35.6674,255,,
corpus__wpt-blend-reftests-2__12-blend-filter-chains__filter-subregion-chain-feblend-ref,wpt-blend-reftests-2,z1,0,0.0,0.0,0.0,0,0.0,0.0
corpus__wpt-blend-reftests-2__12-blend-filter-chains__filter-subregion-chain-feblend-ref,wpt-blend-reftests-2,z2,0,0.0,0.0,0.0,0,,
corpus__wpt-blend-reftests-2__12-blend-filter-chains__filter-subregion-chain-feblend-ref,wpt-blend-reftests-2,z4,0,0.0,0.0,0.0,0,,
corpus__wpt-blend-reftests-2__12-blend-filter-chains__filter-subregion-chain-feblend-ref,wpt-blend-reftests-2,hd,0,0.0,0.0,0.0,0,,
corpus__wpt-blend-reftests-2__13-blend-color-spaces__feblend-colorspace-linearrgb-multiply,wpt-blend-reftests-2,z1,1,0.0,0.0,0.0,0,0.0,0.0
corpus__wpt-blend-reftests-2__13-blend-color-spaces__feblend-colorspace-linearrgb-multiply,wpt-blend-reftests-2,z2,1,0.0,0.0,0.0,0,,
corpus__wpt-blend-reftests-2__13-blend-color-spaces__feblend-colorspace-linearrgb-multiply,wpt-blend-reftests-2,z4,1,0.0,0.0,0.0,0,,
corpus__wpt-blend-reftests-2__13-blend-color-spaces__feblend-colorspace-linearrgb-multiply,wpt-blend-reftests-2,hd,1,0.0,0.0,0.0,0,,
corpus__wpt-blend-reftests-2__13-blend-color-spaces__feblend-colorspace-linearrgb-multiply-ref,wpt-blend-reftests-2,z1,0,0.0,0.0,0.0,0,0.0,0.0
corpus__wpt-blend-reftests-2__13-blend-color-spaces__feblend-colorspace-linearrgb-multiply-ref,wpt-blend-reftests-2,z2,0,0.0,0.0,0.0,0,,
corpus__wpt-blend-reftests-2__13-blend-color-spaces__feblend-colorspace-linearrgb-multiply-ref,wpt-blend-reftests-2,z4,0,0.0,0.0,0.0,0,,
corpus__wpt-blend-reftests-2__13-blend-color-spaces__feblend-colorspace-linearrgb-multiply-ref,wpt-blend-reftests-2,hd,0,0.0,0.0,0.0,0,,
corpus__wpt-blend-reftests-2__13-blend-color-spaces__feblend-colorspace-linearrgb-screen,wpt-blend-reftests-2,z1,1,0.0,0.0,0.0,0,0.0,0.0
corpus__wpt-blend-reftests-2__13-blend-color-spaces__feblend-colorspace-linearrgb-screen,wpt-blend-reftests-2,z2,1,0.0,0.0,0.0,0,,
corpus__wpt-blend-reftests-2__13-blend-color-spaces__feblend-colorspace-linearrgb-screen,wpt-blend-reftests-2,z4,1,0.0,0.0,0.0,0,,
corpus__wpt-blend-reftests-2__13-blend-color-spaces__feblend-colorspace-linearrgb-screen,wpt-blend-reftests-2,hd,1,0.0,0.0,0.0,0,,
corpus__wpt-blend-reftests-2__13-blend-color-spaces__feblend-colorspace-linearrgb-screen-ref,wpt-blend-reftests-2,z1,0,0.0,0.0,0.0,0,0.0,0.0
corpus__wpt-blend-reftests-2__13-blend-color-spaces__feblend-colorspace-linearrgb-screen-ref,wpt-blend-reftests-2,z2,0,0.0,0.0,0.0,0,,
corpus__wpt-blend-reftests-2__13-blend-color-spaces__feblend-colorspace-linearrgb-screen-ref,wpt-blend-reftests-2,z4,0,0.0,0.0,0.0,0,,
corpus__wpt-blend-reftests-2__13-blend-color-spaces__feblend-colorspace-linearrgb-screen-ref,wpt-blend-reftests-2,hd,0,0.0,0.0,0.0,0,,
corpus__wpt-blend-reftests-2__13-blend-color-spaces__feblend-colorspace-srgb-multiply,wpt-blend-reftests-2,z1,1,0.0,0.0,0.0,0,0.0,0.0
corpus__wpt-blend-reftests-2__13-blend-color-spaces__feblend-colorspace-srgb-multiply,wpt-blend-reftests-2,z2,1,0.0,0.0,0.0,0,,
corpus__wpt-blend-reftests-2__13-blend-color-spaces__feblend-colorspace-srgb-multiply,wpt-blend-reftests-2,z4,1,0.0,0.0,0.0,0,,
corpus__wpt-blend-reftests-2__13-blend-color-spaces__feblend-colorspace-srgb-multiply,wpt-blend-reftests-2,hd,1,0.0,0.0,0.0,0,,
corpus__wpt-blend-reftests-2__13-blend-color-spaces__feblend-colorspace-srgb-multiply-ref,wpt-blend-reftests-2,z1,0,0.0,0.0,0.0,0,0.0,0.0
corpus__wpt-blend-reftests-2__13-blend-color-spaces__feblend-colorspace-srgb-multiply-ref,wpt-blend-reftests-2,z2,0,0.0,0.0,0.0,0,,
corpus__wpt-blend-reftests-2__13-blend-color-spaces__feblend-colorspace-srgb-multiply-ref,wpt-blend-reftests-2,z4,0,0.0,0.0,0.0,0,,
corpus__wpt-blend-reftests-2__13-blend-color-spaces__feblend-colorspace-srgb-multiply-ref,wpt-blend-reftests-2,hd,0,0.0,0.0,0.0,0,,
corpus__wpt-blend-reftests-2__13-blend-color-spaces__filter-chain-colorspace-transition,wpt-blend-reftests-2,z1,1,0.0,0.0,0.0,0,0.0,0.0
corpus__wpt-blend-reftests-2__13-blend-color-spaces__filter-chain-colorspace-transition,wpt-blend-reftests-2,z2,1,0.0,0.0,0.0,0,,
corpus__wpt-blend-reftests-2__13-blend-color-spaces__filter-chain-colorspace-transition,wpt-blend-reftests-2,z4,1,0.0,0.0,0.0,0,,
corpus__wpt-blend-reftests-2__13-blend-color-spaces__filter-chain-colorspace-transition,wpt-blend-reftests-2,hd,1,0.0,0.0,0.0,0,,
corpus__wpt-blend-reftests-2__13-blend-color-spaces__filter-chain-colorspace-transition-ref,wpt-blend-reftests-2,z1,0,0.0,0.0,0.0,0,0.0,0.0
corpus__wpt-blend-reftests-2__13-blend-color-spaces__filter-chain-colorspace-transition-ref,wpt-blend-reftests-2,z2,0,0.0,0.0,0.0,0,,
corpus__wpt-blend-reftests-2__13-blend-color-spaces__filter-chain-colorspace-transition-ref,wpt-blend-reftests-2,z4,0,0.0,0.0,0.0,0,,
corpus__wpt-blend-reftests-2__13-blend-color-spaces__filter-chain-colorspace-transition-ref,wpt-blend-reftests-2,hd,0,0.0,0.0,0.0,0,,
corpus__wpt-blend-reftests-2__13-blend-color-spaces__gradient-colorspace-linearrgb-blend,wpt-blend-reftests-2,z1,1,21.405,21.137,20.087,75,21.137,0.0
corpus__wpt-blend-reftests-2__13-blend-color-spaces__gradient-colorspace-linearrgb-blend,wpt-blend-reftests-2,z2,1,69.13,68.263,67.3938,75,,
corpus__wpt-blend-reftests-2__13-blend-color-spaces__gradient-colorspace-linearrgb-blend,wpt-blend-reftests-2,z4,1,100.0,100.0,100.0,75,,
corpus__wpt-blend-reftests-2__13-blend-color-spaces__gradient-colorspace-linearrgb-blend,wpt-blend-reftests-2,hd,1,35.807,35.403,35.0734,75,,
corpus__wpt-blend-reftests-2__13-blend-color-spaces__gradient-colorspace-linearrgb-blend-ref,wpt-blend-reftests-2,z1,0,21.405,21.137,20.087,75,21.137,0.0
corpus__wpt-blend-reftests-2__13-blend-color-spaces__gradient-colorspace-linearrgb-blend-ref,wpt-blend-reftests-2,z2,0,69.13,68.263,67.393,75,,
corpus__wpt-blend-reftests-2__13-blend-color-spaces__gradient-colorspace-linearrgb-blend-ref,wpt-blend-reftests-2,z4,0,100.0,100.0,100.0,75,,
corpus__wpt-blend-reftests-2__13-blend-color-spaces__gradient-colorspace-linearrgb-blend-ref,wpt-blend-reftests-2,hd,0,35.806,35.404,35.0738,75,,
corpus__wpt-blend-reftests-2__13-blend-color-spaces__gradient-colorspace-srgb-blend,wpt-blend-reftests-2,z1,1,0.0,0.0,0.0,1,0.0,0.0
corpus__wpt-blend-reftests-2__13-blend-color-spaces__gradient-colorspace-srgb-blend,wpt-blend-reftests-2,z2,1,0.0,0.0,0.0,1,,
corpus__wpt-blend-reftests-2__13-blend-color-spaces__gradient-colorspace-srgb-blend,wpt-blend-reftests-2,z4,1,0.0,0.0,0.0,1,,
corpus__wpt-blend-reftests-2__13-blend-color-spaces__gradient-colorspace-srgb-blend,wpt-blend-reftests-2,hd,1,0.0,0.0,0.0,1,,
corpus__wpt-blend-reftests-2__13-blend-color-spaces__gradient-colorspace-srgb-blend-ref,wpt-blend-reftests-2,z1,0,0.0,0.0,0.0,1,0.0,0.0
corpus__wpt-blend-reftests-2__13-blend-color-spaces__gradient-colorspace-srgb-blend-ref,wpt-blend-reftests-2,z2,0,0.0,0.0,0.0,1,,
corpus__wpt-blend-reftests-2__13-blend-color-spaces__gradient-colorspace-srgb-blend-ref,wpt-blend-reftests-2,z4,0,0.0,0.0,0.0,1,,
corpus__wpt-blend-reftests-2__13-blend-color-spaces__gradient-colorspace-srgb-blend-ref,wpt-blend-reftests-2,hd,0,0.0,0.0,0.0,1,,
corpus__wpt-fill-blur-reftests__07-zero-area-collinear-fills__fill-line-bare,wpt-fill-blur-reftests,z1,0,0.0,0.0,0.0,0,0.0,0.0
corpus__wpt-fill-blur-reftests__07-zero-area-collinear-fills__fill-line-bare,wpt-fill-blur-reftests,z2,0,0.0,0.0,0.0,0,,
corpus__wpt-fill-blur-reftests__07-zero-area-collinear-fills__fill-line-bare,wpt-fill-blur-reftests,z4,0,0.0,0.0,0.0,0,,
corpus__wpt-fill-blur-reftests__07-zero-area-collinear-fills__fill-line-bare,wpt-fill-blur-reftests,hd,0,0.0,0.0,0.0,0,,
corpus__wpt-fill-blur-reftests__07-zero-area-collinear-fills__fill-line-bare-ref,wpt-fill-blur-reftests,z1,0,0.0,0.0,0.0,0,0.0,0.0
corpus__wpt-fill-blur-reftests__07-zero-area-collinear-fills__fill-line-bare-ref,wpt-fill-blur-reftests,z2,0,0.0,0.0,0.0,0,,
corpus__wpt-fill-blur-reftests__07-zero-area-collinear-fills__fill-line-bare-ref,wpt-fill-blur-reftests,z4,0,0.0,0.0,0.0,0,,
corpus__wpt-fill-blur-reftests__07-zero-area-collinear-fills__fill-line-bare-ref,wpt-fill-blur-reftests,hd,0,0.0,0.0,0.0,0,,
corpus__wpt-fill-blur-reftests__07-zero-area-collinear-fills__fill-path-closed-collinear,wpt-fill-blur-reftests,z1,0,0.0,0.0,0.0,0,0.0,0.0
corpus__wpt-fill-blur-reftests__07-zero-area-collinear-fills__fill-path-closed-collinear,wpt-fill-blur-reftests,z2,0,0.0,0.0,0.0,0,,
corpus__wpt-fill-blur-reftests__07-zero-area-collinear-fills__fill-path-closed-collinear,wpt-fill-blur-reftests,z4,0,0.0,0.0,0.0,0,,
corpus__wpt-fill-blur-reftests__07-zero-area-collinear-fills__fill-path-closed-collinear,wpt-fill-blur-reftests,hd,0,0.0,0.0,0.0,0,,
corpus__wpt-fill-blur-reftests__07-zero-area-collinear-fills__fill-path-closed-collinear-ref,wpt-fill-blur-reftests,z1,0,0.0,0.0,0.0,0,0.0,0.0
corpus__wpt-fill-blur-reftests__07-zero-area-collinear-fills__fill-path-closed-collinear-ref,wpt-fill-blur-reftests,z2,0,0.0,0.0,0.0,0,,
corpus__wpt-fill-blur-reftests__07-zero-area-collinear-fills__fill-path-closed-collinear-ref,wpt-fill-blur-reftests,z4,0,0.0,0.0,0.0,0,,
corpus__wpt-fill-blur-reftests__07-zero-area-collinear-fills__fill-path-closed-collinear-ref,wpt-fill-blur-reftests,hd,0,0.0,0.0,0.0,0,,
corpus__wpt-fill-blur-reftests__07-zero-area-collinear-fills__fill-path-collinear-bezier,wpt-fill-blur-reftests,z1,0,0.05,0.001,0.0,22,0.001,0.0
corpus__wpt-fill-blur-reftests__07-zero-area-collinear-fills__fill-path-collinear-bezier,wpt-fill-blur-reftests,z2,0,0.105,0.023,0.0,30,,
corpus__wpt-fill-blur-reftests__07-zero-area-collinear-fills__fill-path-collinear-bezier,wpt-fill-blur-reftests,z4,0,0.108,0.01,0.0,30,,
corpus__wpt-fill-blur-reftests__07-zero-area-collinear-fills__fill-path-collinear-bezier,wpt-fill-blur-reftests,hd,0,0.015,0.003,0.0,30,,
corpus__wpt-fill-blur-reftests__07-zero-area-collinear-fills__fill-path-collinear-bezier-ref,wpt-fill-blur-reftests,z1,0,0.0,0.0,0.0,0,0.0,0.0
corpus__wpt-fill-blur-reftests__07-zero-area-collinear-fills__fill-path-collinear-bezier-ref,wpt-fill-blur-reftests,z2,0,0.0,0.0,0.0,0,,
corpus__wpt-fill-blur-reftests__07-zero-area-collinear-fills__fill-path-collinear-bezier-ref,wpt-fill-blur-reftests,z4,0,0.0,0.0,0.0,0,,
corpus__wpt-fill-blur-reftests__07-zero-area-collinear-fills__fill-path-collinear-bezier-ref,wpt-fill-blur-reftests,hd,0,0.0,0.0,0.0,0,,
corpus__wpt-fill-blur-reftests__07-zero-area-collinear-fills__fill-path-fractional-collinear,wpt-fill-blur-reftests,z1,0,0.0,0.0,0.0,0,0.0,0.0
corpus__wpt-fill-blur-reftests__07-zero-area-collinear-fills__fill-path-fractional-collinear,wpt-fill-blur-reftests,z2,0,0.0,0.0,0.0,0,,
corpus__wpt-fill-blur-reftests__07-zero-area-collinear-fills__fill-path-fractional-collinear,wpt-fill-blur-reftests,z4,0,0.0,0.0,0.0,0,,
corpus__wpt-fill-blur-reftests__07-zero-area-collinear-fills__fill-path-fractional-collinear,wpt-fill-blur-reftests,hd,0,0.008,0.005,0.0,40,,
corpus__wpt-fill-blur-reftests__07-zero-area-collinear-fills__fill-path-fractional-collinear-ref,wpt-fill-blur-reftests,z1,0,0.0,0.0,0.0,0,0.0,0.0
corpus__wpt-fill-blur-reftests__07-zero-area-collinear-fills__fill-path-fractional-collinear-ref,wpt-fill-blur-reftests,z2,0,0.0,0.0,0.0,0,,
corpus__wpt-fill-blur-reftests__07-zero-area-collinear-fills__fill-path-fractional-collinear-ref,wpt-fill-blur-reftests,z4,0,0.0,0.0,0.0,0,,
corpus__wpt-fill-blur-reftests__07-zero-area-collinear-fills__fill-path-fractional-collinear-ref,wpt-fill-blur-reftests,hd,0,0.0,0.0,0.0,0,,
corpus__wpt-fill-blur-reftests__07-zero-area-collinear-fills__fill-path-open-collinear,wpt-fill-blur-reftests,z1,0,0.0,0.0,0.0,0,0.0,0.0
corpus__wpt-fill-blur-reftests__07-zero-area-collinear-fills__fill-path-open-collinear,wpt-fill-blur-reftests,z2,0,0.0,0.0,0.0,0,,
corpus__wpt-fill-blur-reftests__07-zero-area-collinear-fills__fill-path-open-collinear,wpt-fill-blur-reftests,z4,0,0.0,0.0,0.0,0,,
corpus__wpt-fill-blur-reftests__07-zero-area-collinear-fills__fill-path-open-collinear,wpt-fill-blur-reftests,hd,0,0.0,0.0,0.0,0,,
corpus__wpt-fill-blur-reftests__07-zero-area-collinear-fills__fill-path-open-collinear-ref,wpt-fill-blur-reftests,z1,0,0.0,0.0,0.0,0,0.0,0.0
corpus__wpt-fill-blur-reftests__07-zero-area-collinear-fills__fill-path-open-collinear-ref,wpt-fill-blur-reftests,z2,0,0.0,0.0,0.0,0,,
corpus__wpt-fill-blur-reftests__07-zero-area-collinear-fills__fill-path-open-collinear-ref,wpt-fill-blur-reftests,z4,0,0.0,0.0,0.0,0,,
corpus__wpt-fill-blur-reftests__07-zero-area-collinear-fills__fill-path-open-collinear-ref,wpt-fill-blur-reftests,hd,0,0.0,0.0,0.0,0,,
corpus__wpt-fill-blur-reftests__07-zero-area-collinear-fills__fill-path-retraced-line,wpt-fill-blur-reftests,z1,0,0.0,0.0,0.0,0,0.0,0.0
corpus__wpt-fill-blur-reftests__07-zero-area-collinear-fills__fill-path-retraced-line,wpt-fill-blur-reftests,z2,0,0.0,0.0,0.0,0,,
corpus__wpt-fill-blur-reftests__07-zero-area-collinear-fills__fill-path-retraced-line,wpt-fill-blur-reftests,z4,0,0.0,0.0,0.0,0,,
corpus__wpt-fill-blur-reftests__07-zero-area-collinear-fills__fill-path-retraced-line,wpt-fill-blur-reftests,hd,0,0.0,0.0,0.0,0,,
corpus__wpt-fill-blur-reftests__07-zero-area-collinear-fills__fill-path-retraced-line-ref,wpt-fill-blur-reftests,z1,0,0.0,0.0,0.0,0,0.0,0.0
corpus__wpt-fill-blur-reftests__07-zero-area-collinear-fills__fill-path-retraced-line-ref,wpt-fill-blur-reftests,z2,0,0.0,0.0,0.0,0,,
corpus__wpt-fill-blur-reftests__07-zero-area-collinear-fills__fill-path-retraced-line-ref,wpt-fill-blur-reftests,z4,0,0.0,0.0,0.0,0,,
corpus__wpt-fill-blur-reftests__07-zero-area-collinear-fills__fill-path-retraced-line-ref,wpt-fill-blur-reftests,hd,0,0.0,0.0,0.0,0,,
corpus__wpt-fill-blur-reftests__07-zero-area-collinear-fills__fill-path-shape-with-collinear-tail,wpt-fill-blur-reftests,z1,0,0.0,0.0,0.0,0,0.0,0.0
corpus__wpt-fill-blur-reftests__07-zero-area-collinear-fills__fill-path-shape-with-collinear-tail,wpt-fill-blur-reftests,z2,0,0.0,0.0,0.0,0,,
corpus__wpt-fill-blur-reftests__07-zero-area-collinear-fills__fill-path-shape-with-collinear-tail,wpt-fill-blur-reftests,z4,0,0.0,0.0,0.0,0,,
corpus__wpt-fill-blur-reftests__07-zero-area-collinear-fills__fill-path-shape-with-collinear-tail,wpt-fill-blur-reftests,hd,0,0.0,0.0,0.0,0,,
corpus__wpt-fill-blur-reftests__07-zero-area-collinear-fills__fill-path-shape-with-collinear-tail-ref,wpt-fill-blur-reftests,z1,0,0.0,0.0,0.0,0,0.0,0.0
corpus__wpt-fill-blur-reftests__07-zero-area-collinear-fills__fill-path-shape-with-collinear-tail-ref,wpt-fill-blur-reftests,z2,0,0.0,0.0,0.0,0,,
corpus__wpt-fill-blur-reftests__07-zero-area-collinear-fills__fill-path-shape-with-collinear-tail-ref,wpt-fill-blur-reftests,z4,0,0.0,0.0,0.0,0,,
corpus__wpt-fill-blur-reftests__07-zero-area-collinear-fills__fill-path-shape-with-collinear-tail-ref,wpt-fill-blur-reftests,hd,0,0.0,0.0,0.0,0,,
corpus__wpt-fill-blur-reftests__07-zero-area-collinear-fills__fill-path-subpixel-sliver-control,wpt-fill-blur-reftests,z1,0,0.0,0.0,0.0,2,0.0,0.0
corpus__wpt-fill-blur-reftests__07-zero-area-collinear-fills__fill-path-subpixel-sliver-control,wpt-fill-blur-reftests,z2,0,0.234,0.188,0.0,99,,
corpus__wpt-fill-blur-reftests__07-zero-area-collinear-fills__fill-path-subpixel-sliver-control,wpt-fill-blur-reftests,z4,0,0.323,0.248,0.0,112,,
corpus__wpt-fill-blur-reftests__07-zero-area-collinear-fills__fill-path-subpixel-sliver-control,wpt-fill-blur-reftests,hd,0,0.038,0.032,0.0,116,,
corpus__wpt-fill-blur-reftests__07-zero-area-collinear-fills__fill-path-subpixel-sliver-control-ref,wpt-fill-blur-reftests,z1,0,0.0,0.0,0.0,2,0.0,0.0
corpus__wpt-fill-blur-reftests__07-zero-area-collinear-fills__fill-path-subpixel-sliver-control-ref,wpt-fill-blur-reftests,z2,0,0.234,0.188,0.0,99,,
corpus__wpt-fill-blur-reftests__07-zero-area-collinear-fills__fill-path-subpixel-sliver-control-ref,wpt-fill-blur-reftests,z4,0,0.323,0.248,0.0,112,,
corpus__wpt-fill-blur-reftests__07-zero-area-collinear-fills__fill-path-subpixel-sliver-control-ref,wpt-fill-blur-reftests,hd,0,0.038,0.032,0.0,116,,
corpus__wpt-fill-blur-reftests__08-gaussian-blur-edge-and-kernel__blur-axis-zero-directional,wpt-fill-blur-reftests,z1,2,5.667,3.896,2.9064,118,3.896,0.0
corpus__wpt-fill-blur-reftests__08-gaussian-blur-edge-and-kernel__blur-axis-zero-directional,wpt-fill-blur-reftests,z2,2,15.853,10.704,8.2977,121,,
corpus__wpt-fill-blur-reftests__08-gaussian-blur-edge-and-kernel__blur-axis-zero-directional,wpt-fill-blur-reftests,z4,2,20.628,14.134,12.9431,125,,
corpus__wpt-fill-blur-reftests__08-gaussian-blur-edge-and-kernel__blur-axis-zero-directional,wpt-fill-blur-reftests,hd,2,9.394,6.539,6.2134,126,,
corpus__wpt-fill-blur-reftests__08-gaussian-blur-edge-and-kernel__blur-axis-zero-directional-ref,wpt-fill-blur-reftests,z1,2,5.667,3.896,2.9064,118,3.896,0.0
corpus__wpt-fill-blur-reftests__08-gaussian-blur-edge-and-kernel__blur-axis-zero-directional-ref,wpt-fill-blur-reftests,z2,2,15.853,10.704,8.2977,121,,
corpus__wpt-fill-blur-reftests__08-gaussian-blur-edge-and-kernel__blur-axis-zero-directional-ref,wpt-fill-blur-reftests,z4,2,20.628,14.134,12.9431,125,,
corpus__wpt-fill-blur-reftests__08-gaussian-blur-edge-and-kernel__blur-axis-zero-directional-ref,wpt-fill-blur-reftests,hd,2,9.394,6.539,6.2134,126,,
corpus__wpt-fill-blur-reftests__08-gaussian-blur-edge-and-kernel__blur-chained-quadrature-variance,wpt-fill-blur-reftests,z1,2,0.0,0.0,0.0,5,0.0,0.0
corpus__wpt-fill-blur-reftests__08-gaussian-blur-edge-and-kernel__blur-chained-quadrature-variance,wpt-fill-blur-reftests,z2,2,0.0,0.0,0.0,5,,
corpus__wpt-fill-blur-reftests__08-gaussian-blur-edge-and-kernel__blur-chained-quadrature-variance,wpt-fill-blur-reftests,z4,2,0.385,0.0,0.0,11,,
corpus__wpt-fill-blur-reftests__08-gaussian-blur-edge-and-kernel__blur-chained-quadrature-variance,wpt-fill-blur-reftests,hd,2,0.0,0.0,0.0,4,,
corpus__wpt-fill-blur-reftests__08-gaussian-blur-edge-and-kernel__blur-chained-quadrature-variance-ref,wpt-fill-blur-reftests,z1,2,0.0,0.0,0.0,3,0.0,0.0
corpus__wpt-fill-blur-reftests__08-gaussian-blur-edge-and-kernel__blur-chained-quadrature-variance-ref,wpt-fill-blur-reftests,z2,2,0.0,0.0,0.0,5,,
corpus__wpt-fill-blur-reftests__08-gaussian-blur-edge-and-kernel__blur-chained-quadrature-variance-ref,wpt-fill-blur-reftests,z4,2,0.385,0.0,0.0,11,,
corpus__wpt-fill-blur-reftests__08-gaussian-blur-edge-and-kernel__blur-chained-quadrature-variance-ref,wpt-fill-blur-reftests,hd,2,0.0,0.0,0.0,4,,
corpus__wpt-fill-blur-reftests__08-gaussian-blur-edge-and-kernel__blur-color-interpolation-linear-vs-srgb,wpt-fill-blur-reftests,z1,1,0.0,0.0,0.0,3,0.0,0.0
corpus__wpt-fill-blur-reftests__08-gaussian-blur-edge-and-kernel__blur-color-interpolation-linear-vs-srgb,wpt-fill-blur-reftests,z2,1,0.0,0.0,0.0,6,,
corpus__wpt-fill-blur-reftests__08-gaussian-blur-edge-and-kernel__blur-color-interpolation-linear-vs-srgb,wpt-fill-blur-reftests,z4,1,0.0,0.0,0.0,4,,
corpus__wpt-fill-blur-reftests__08-gaussian-blur-edge-and-kernel__blur-color-interpolation-linear-vs-srgb,wpt-fill-blur-reftests,hd,1,0.0,0.0,0.0,4,,
corpus__wpt-fill-blur-reftests__08-gaussian-blur-edge-and-kernel__blur-color-interpolation-linear-vs-srgb-ref,wpt-fill-blur-reftests,z1,1,0.0,0.0,0.0,3,0.0,0.0
corpus__wpt-fill-blur-reftests__08-gaussian-blur-edge-and-kernel__blur-color-interpolation-linear-vs-srgb-ref,wpt-fill-blur-reftests,z2,1,0.0,0.0,0.0,6,,
corpus__wpt-fill-blur-reftests__08-gaussian-blur-edge-and-kernel__blur-color-interpolation-linear-vs-srgb-ref,wpt-fill-blur-reftests,z4,1,0.0,0.0,0.0,4,,
corpus__wpt-fill-blur-reftests__08-gaussian-blur-edge-and-kernel__blur-color-interpolation-linear-vs-srgb-ref,wpt-fill-blur-reftests,hd,1,0.0,0.0,0.0,4,,
corpus__wpt-fill-blur-reftests__08-gaussian-blur-edge-and-kernel__blur-edge-mode-transparent-fade,wpt-fill-blur-reftests,z1,1,0.0,0.0,0.0,5,0.0,0.0
corpus__wpt-fill-blur-reftests__08-gaussian-blur-edge-and-kernel__blur-edge-mode-transparent-fade,wpt-fill-blur-reftests,z2,1,0.0,0.0,0.0,4,,
corpus__wpt-fill-blur-reftests__08-gaussian-blur-edge-and-kernel__blur-edge-mode-transparent-fade,wpt-fill-blur-reftests,z4,1,0.0,0.0,0.0,4,,
corpus__wpt-fill-blur-reftests__08-gaussian-blur-edge-and-kernel__blur-edge-mode-transparent-fade,wpt-fill-blur-reftests,hd,1,14.38,11.153,10.7706,171,,
corpus__wpt-fill-blur-reftests__08-gaussian-blur-edge-and-kernel__blur-edge-mode-transparent-fade-ref,wpt-fill-blur-reftests,z1,1,0.0,0.0,0.0,5,0.0,0.0
corpus__wpt-fill-blur-reftests__08-gaussian-blur-edge-and-kernel__blur-edge-mode-transparent-fade-ref,wpt-fill-blur-reftests,z2,1,0.0,0.0,0.0,4,,
corpus__wpt-fill-blur-reftests__08-gaussian-blur-edge-and-kernel__blur-edge-mode-transparent-fade-ref,wpt-fill-blur-reftests,z4,1,0.0,0.0,0.0,4,,
corpus__wpt-fill-blur-reftests__08-gaussian-blur-edge-and-kernel__blur-edge-mode-transparent-fade-ref,wpt-fill-blur-reftests,hd,1,14.38,11.153,10.7706,171,,
corpus__wpt-fill-blur-reftests__08-gaussian-blur-edge-and-kernel__blur-element-expansion-vs-child-clip,wpt-fill-blur-reftests,z1,1,0.0,0.0,0.0,2,0.0,0.0
corpus__wpt-fill-blur-reftests__08-gaussian-blur-edge-and-kernel__blur-element-expansion-vs-child-clip,wpt-fill-blur-reftests,z2,1,0.0,0.0,0.0,3,,
corpus__wpt-fill-blur-reftests__08-gaussian-blur-edge-and-kernel__blur-element-expansion-vs-child-clip,wpt-fill-blur-reftests,z4,1,0.0,0.0,0.0,3,,
corpus__wpt-fill-blur-reftests__08-gaussian-blur-edge-and-kernel__blur-element-expansion-vs-child-clip,wpt-fill-blur-reftests,hd,1,9.964,6.922,6.6343,123,,
corpus__wpt-fill-blur-reftests__08-gaussian-blur-edge-and-kernel__blur-element-expansion-vs-child-clip-ref,wpt-fill-blur-reftests,z1,1,0.0,0.0,0.0,2,0.0,0.0
corpus__wpt-fill-blur-reftests__08-gaussian-blur-edge-and-kernel__blur-element-expansion-vs-child-clip-ref,wpt-fill-blur-reftests,z2,1,0.0,0.0,0.0,3,,
corpus__wpt-fill-blur-reftests__08-gaussian-blur-edge-and-kernel__blur-element-expansion-vs-child-clip-ref,wpt-fill-blur-reftests,z4,1,0.0,0.0,0.0,3,,
corpus__wpt-fill-blur-reftests__08-gaussian-blur-edge-and-kernel__blur-element-expansion-vs-child-clip-ref,wpt-fill-blur-reftests,hd,1,9.964,6.922,6.6343,123,,
corpus__wpt-fill-blur-reftests__08-gaussian-blur-edge-and-kernel__blur-negative-and-zero-stddev,wpt-fill-blur-reftests,z1,0,0.003,0.003,0.0,63,0.003,0.0
corpus__wpt-fill-blur-reftests__08-gaussian-blur-edge-and-kernel__blur-negative-and-zero-stddev,wpt-fill-blur-reftests,z2,0,0.0,0.0,0.0,0,,
corpus__wpt-fill-blur-reftests__08-gaussian-blur-edge-and-kernel__blur-negative-and-zero-stddev,wpt-fill-blur-reftests,z4,0,0.0,0.0,0.0,0,,
corpus__wpt-fill-blur-reftests__08-gaussian-blur-edge-and-kernel__blur-negative-and-zero-stddev,wpt-fill-blur-reftests,hd,0,0.0,0.0,0.0,63,,
corpus__wpt-fill-blur-reftests__08-gaussian-blur-edge-and-kernel__blur-negative-and-zero-stddev-ref,wpt-fill-blur-reftests,z1,0,0.003,0.003,0.0,63,0.003,0.0
corpus__wpt-fill-blur-reftests__08-gaussian-blur-edge-and-kernel__blur-negative-and-zero-stddev-ref,wpt-fill-blur-reftests,z2,0,0.0,0.0,0.0,0,,
corpus__wpt-fill-blur-reftests__08-gaussian-blur-edge-and-kernel__blur-negative-and-zero-stddev-ref,wpt-fill-blur-reftests,z4,0,0.0,0.0,0.0,0,,
corpus__wpt-fill-blur-reftests__08-gaussian-blur-edge-and-kernel__blur-negative-and-zero-stddev-ref,wpt-fill-blur-reftests,hd,0,0.0,0.0,0.0,63,,
corpus__wpt-fill-blur-reftests__08-gaussian-blur-edge-and-kernel__blur-primitive-subregion-clipping,wpt-fill-blur-reftests,z1,1,0.0,0.0,0.0,4,0.0,0.0
corpus__wpt-fill-blur-reftests__08-gaussian-blur-edge-and-kernel__blur-primitive-subregion-clipping,wpt-fill-blur-reftests,z2,1,0.0,0.0,0.0,4,,
corpus__wpt-fill-blur-reftests__08-gaussian-blur-edge-and-kernel__blur-primitive-subregion-clipping,wpt-fill-blur-reftests,z4,1,0.0,0.0,0.0,3,,
corpus__wpt-fill-blur-reftests__08-gaussian-blur-edge-and-kernel__blur-primitive-subregion-clipping,wpt-fill-blur-reftests,hd,1,10.933,9.371,9.0505,191,,
corpus__wpt-fill-blur-reftests__08-gaussian-blur-edge-and-kernel__blur-primitive-subregion-clipping-ref,wpt-fill-blur-reftests,z1,1,0.0,0.0,0.0,4,0.0,0.0
corpus__wpt-fill-blur-reftests__08-gaussian-blur-edge-and-kernel__blur-primitive-subregion-clipping-ref,wpt-fill-blur-reftests,z2,1,0.0,0.0,0.0,4,,
corpus__wpt-fill-blur-reftests__08-gaussian-blur-edge-and-kernel__blur-primitive-subregion-clipping-ref,wpt-fill-blur-reftests,z4,1,0.0,0.0,0.0,3,,
corpus__wpt-fill-blur-reftests__08-gaussian-blur-edge-and-kernel__blur-primitive-subregion-clipping-ref,wpt-fill-blur-reftests,hd,1,10.933,9.371,9.0505,191,,
